algorithm,parameterSpec,fileSizeBytes,round,keyGenMs,aesEncryptMs,encapsulateMs,reKeyGenMs,reEncryptMs,decapsulateMs,aesDecryptMs,totalMs,capsuleBytes,ciphertextBytes,success
RSA-PRE,common-modulus-3072-demo,1024,1,2.3395,0.8234,1.7139,0.0112,8.5994,9.2327,0.0646,22.7871,444,1052,true
RSA-PRE,common-modulus-3072-demo,1024,2,2.1055,0.8369,1.4968,0.0100,8.4836,8.6966,0.0630,21.6944,444,1052,true
RSA-PRE,common-modulus-3072-demo,1024,3,2.9577,0.8919,1.6700,0.0128,8.9080,8.6880,0.0762,23.2070,444,1052,true
RSA-PRE,common-modulus-3072-demo,1024,4,2.1131,0.8987,2.2799,0.0104,9.2322,9.4842,0.0892,24.1105,444,1052,true
RSA-PRE,common-modulus-3072-demo,1024,5,2.2071,0.8634,1.9641,0.0187,9.3111,9.0195,0.0929,23.4793,444,1052,true
RSA-PRE,common-modulus-3072-demo,1024,6,1.8659,1.4475,2.7754,0.0217,10.5733,9.5972,0.0604,26.3450,444,1052,true
RSA-PRE,common-modulus-3072-demo,1024,7,1.8470,0.7780,1.4352,0.0104,8.4184,9.4691,0.0554,22.0158,444,1052,true
RSA-PRE,common-modulus-3072-demo,1024,8,1.9264,0.7912,1.8100,0.0535,8.6844,9.0702,0.0558,22.3941,444,1052,true
RSA-PRE,common-modulus-3072-demo,1024,9,1.9006,0.7203,1.7376,0.0170,8.5580,9.1406,0.0675,22.1444,444,1052,true
RSA-PRE,common-modulus-3072-demo,1024,10,1.9383,0.8674,1.9745,0.0089,8.4437,8.9505,0.0522,22.2386,444,1052,true
RSA-PRE,common-modulus-3072-demo,1024,11,2.6106,0.8005,1.5572,0.0074,8.7629,8.3598,0.0740,22.1749,444,1052,true
RSA-PRE,common-modulus-3072-demo,1024,12,1.8934,1.2672,1.7803,0.0086,8.3231,9.3941,0.5035,23.1739,444,1052,true
RSA-PRE,common-modulus-3072-demo,1024,13,2.0166,0.8611,1.6282,0.0096,8.4151,8.6385,0.0506,21.6219,444,1052,true
RSA-PRE,common-modulus-3072-demo,1024,14,1.7187,0.7216,1.5872,0.0067,9.2285,8.7258,0.0588,22.0501,444,1052,true
RSA-PRE,common-modulus-3072-demo,1024,15,1.8651,1.0680,1.5244,0.0080,8.4084,8.7725,0.0551,21.7042,444,1052,true
RSA-PRE,common-modulus-3072-demo,1024,16,1.6191,0.7387,1.5398,0.0060,8.7599,9.5598,0.2096,22.4354,444,1052,true
RSA-PRE,common-modulus-3072-demo,1024,17,1.6148,0.7401,1.3825,0.0058,8.9514,8.8613,0.0431,21.6016,444,1052,true
RSA-PRE,common-modulus-3072-demo,1024,18,1.5362,0.9698,1.6701,0.0101,8.5790,8.7555,0.0716,21.5948,444,1052,true
RSA-PRE,common-modulus-3072-demo,1024,19,1.5608,0.7829,1.7326,0.0064,8.4687,9.3158,0.0705,21.9400,444,1052,true
RSA-PRE,common-modulus-3072-demo,1024,20,1.6193,0.7792,1.5546,0.0132,9.1152,8.6856,0.0545,21.8243,444,1052,true
RSA-PRE,common-modulus-3072-demo,1024,21,1.7610,0.7555,1.8451,0.0083,8.5473,9.2678,0.0923,22.2802,444,1052,true
RSA-PRE,common-modulus-3072-demo,1024,22,1.7170,0.7775,1.4327,0.0061,8.3402,9.0323,0.0607,21.3686,444,1052,true
RSA-PRE,common-modulus-3072-demo,1024,23,1.7809,0.7112,1.3741,0.0525,8.7166,8.6935,0.1352,21.4674,444,1052,true
RSA-PRE,common-modulus-3072-demo,1024,24,2.0403,0.9071,1.8853,0.0098,8.2646,9.6144,0.0985,22.8228,444,1052,true
RSA-PRE,common-modulus-3072-demo,1024,25,1.5877,0.7829,1.3186,0.0064,8.4372,9.1034,0.0433,21.2817,444,1052,true
RSA-PRE,common-modulus-3072-demo,1024,26,1.7200,0.8791,1.8232,0.0072,8.6315,8.6319,0.0563,21.7516,444,1052,true
RSA-PRE,common-modulus-3072-demo,1024,27,1.6032,0.7168,1.3987,0.0563,8.4252,8.2845,0.2023,20.6895,444,1052,true
RSA-PRE,common-modulus-3072-demo,1024,28,1.8664,0.8405,1.3838,0.0071,8.9177,8.6317,0.3633,22.0144,444,1052,true
RSA-PRE,common-modulus-3072-demo,1024,29,2.1876,0.8985,1.5094,0.0168,9.1896,8.8921,0.0428,22.7401,444,1052,true
RSA-PRE,common-modulus-3072-demo,1024,30,1.7960,0.8564,1.4792,0.0070,9.0899,9.2150,0.0411,22.4871,444,1052,true
RSA-PRE,common-modulus-3072-demo,1024,31,1.7893,0.7929,1.5440,0.0089,8.3932,8.9665,0.0651,21.5623,444,1052,true
RSA-PRE,common-modulus-3072-demo,1024,32,1.7845,0.8089,1.4461,0.0067,9.4429,8.8508,0.0571,22.3998,444,1052,true
RSA-PRE,common-modulus-3072-demo,1024,33,1.7780,0.8391,2.1825,0.0091,8.9875,9.6182,0.0662,23.4837,444,1052,true
RSA-PRE,common-modulus-3072-demo,1024,34,1.7002,0.7693,1.4198,0.0068,8.8733,9.6028,0.0582,22.4329,444,1052,true
RSA-PRE,common-modulus-3072-demo,1024,35,1.8599,0.7825,1.5624,0.0067,8.9693,8.8329,0.0534,22.0694,444,1052,true
RSA-PRE,common-modulus-3072-demo,1024,36,1.7528,1.6390,2.2155,0.0091,8.7562,9.0668,0.0403,23.4835,444,1052,true
RSA-PRE,common-modulus-3072-demo,1024,37,1.6822,0.7682,1.5530,0.0070,9.4767,9.2612,0.0415,22.7926,444,1052,true
RSA-PRE,common-modulus-3072-demo,1024,38,1.5445,0.8348,1.7034,0.0087,9.3966,9.3099,0.0435,22.8446,444,1052,true
RSA-PRE,common-modulus-3072-demo,1024,39,1.6633,0.7743,1.3813,0.0061,8.8478,9.1746,0.0610,21.9110,444,1052,true
RSA-PRE,common-modulus-3072-demo,1024,40,1.9175,0.7182,1.3727,0.0065,8.7721,8.9590,0.0394,21.7878,444,1052,true
RSA-PRE,common-modulus-3072-demo,1024,41,1.5366,0.8219,1.4173,0.0066,8.7780,8.5939,0.0535,21.2102,444,1052,true
RSA-PRE,common-modulus-3072-demo,1024,42,2.2744,1.7653,1.6209,0.0076,8.3922,8.8732,0.0385,22.9750,444,1052,true
RSA-PRE,common-modulus-3072-demo,1024,43,1.7136,0.6911,1.2942,0.0069,8.7750,8.5178,0.0528,21.0539,444,1052,true
RSA-PRE,common-modulus-3072-demo,1024,44,1.7752,0.7511,1.4729,0.0300,8.6811,8.8071,0.0642,21.5911,444,1052,true
RSA-PRE,common-modulus-3072-demo,1024,45,2.1457,0.8827,1.5092,0.0079,8.4136,8.7782,0.0450,21.7845,444,1052,true
RSA-PRE,common-modulus-3072-demo,1024,46,1.6857,0.8225,1.3366,0.0081,8.3908,8.2847,0.0392,20.5697,444,1052,true
RSA-PRE,common-modulus-3072-demo,1024,47,1.6984,0.6752,1.2760,0.0059,8.1748,8.3858,0.0426,20.2607,444,1052,true
RSA-PRE,common-modulus-3072-demo,1024,48,1.6079,0.6231,1.2912,0.0061,8.1497,8.3717,0.0376,20.0890,444,1052,true
RSA-PRE,common-modulus-3072-demo,1024,49,1.7615,0.7310,1.2769,0.0065,8.1865,8.3528,0.0536,20.3707,444,1052,true
RSA-PRE,common-modulus-3072-demo,1024,50,1.7114,0.6875,1.3503,0.0062,8.2201,8.3346,0.0539,20.3660,444,1052,true
RSA-PRE,common-modulus-3072-demo,1024,51,1.5011,0.5740,1.3910,0.0080,8.3516,8.2301,0.0377,20.0954,444,1052,true
RSA-PRE,common-modulus-3072-demo,1024,52,1.7061,0.6549,1.2285,0.0061,8.1818,8.3135,0.0532,20.1458,444,1052,true
RSA-PRE,common-modulus-3072-demo,1024,53,1.4714,0.5752,1.4591,0.0065,8.1164,8.2288,0.0388,19.8981,444,1052,true
RSA-PRE,common-modulus-3072-demo,1024,54,1.6560,0.6451,1.3261,0.0062,8.4857,8.6692,0.0381,20.8280,444,1052,true
RSA-PRE,common-modulus-3072-demo,1024,55,1.5679,1.3279,1.5306,0.0103,8.4113,8.4714,0.0539,21.3754,444,1052,true
RSA-PRE,common-modulus-3072-demo,1024,56,1.5230,0.6397,1.5272,0.0062,8.1437,8.2054,0.0392,20.0861,444,1052,true
RSA-PRE,common-modulus-3072-demo,1024,57,1.4941,0.6614,1.4249,0.0055,8.1949,8.9444,0.2156,20.9428,444,1052,true
RSA-PRE,common-modulus-3072-demo,1024,58,1.7098,0.7687,1.3309,0.0063,8.2667,8.4857,0.0375,20.6080,444,1052,true
RSA-PRE,common-modulus-3072-demo,1024,59,1.7617,0.7446,1.4445,0.0063,8.3898,8.9529,0.0546,21.3572,444,1052,true
RSA-PRE,common-modulus-3072-demo,1024,60,1.6424,0.7724,1.3732,0.0061,8.3153,8.3786,0.1285,20.6183,444,1052,true
RSA-PRE,common-modulus-3072-demo,1024,61,1.4462,0.6718,1.2177,0.0061,8.2697,8.3919,0.0377,20.0439,444,1052,true
RSA-PRE,common-modulus-3072-demo,1024,62,1.7945,1.1815,1.6118,0.0102,8.4496,9.4957,0.0395,22.5865,444,1052,true
RSA-PRE,common-modulus-3072-demo,1024,63,1.5385,0.7754,1.3161,0.0064,8.2711,8.3664,0.0528,20.3291,444,1052,true
RSA-PRE,common-modulus-3072-demo,1024,64,1.4343,0.6696,1.2545,0.0129,8.5254,8.5515,0.0526,20.5030,444,1052,true
RSA-PRE,common-modulus-3072-demo,1024,65,1.6251,0.6983,1.4843,0.0071,8.2618,8.4026,0.0526,20.5339,444,1052,true
RSA-PRE,common-modulus-3072-demo,1024,66,1.6154,0.7942,1.2763,0.0134,8.2635,8.3860,0.0526,20.4037,444,1052,true
RSA-PRE,common-modulus-3072-demo,1024,67,1.4811,0.8473,1.3791,0.0057,8.2826,8.2502,0.0367,20.2844,444,1052,true
RSA-PRE,common-modulus-3072-demo,1024,68,1.6806,0.6673,1.2960,0.0066,8.1473,8.3443,0.0379,20.1823,444,1052,true
RSA-PRE,common-modulus-3072-demo,1024,69,1.4405,0.6818,1.3111,0.0060,8.1569,8.4709,0.0373,20.1064,444,1052,true
RSA-PRE,common-modulus-3072-demo,1024,70,1.6521,0.8158,1.3373,0.0080,8.3726,8.3045,0.0608,20.5536,444,1052,true
RSA-PRE,common-modulus-3072-demo,1024,71,1.6701,0.8587,1.3322,0.0062,8.1551,14.7363,0.0667,26.8281,444,1052,true
RSA-PRE,common-modulus-3072-demo,1024,72,2.7841,1.1020,3.0276,0.0092,11.9015,9.4202,0.0398,28.2895,444,1052,true
RSA-PRE,common-modulus-3072-demo,1024,73,1.9470,0.8855,2.0882,0.0074,8.9451,10.0722,0.0922,24.0401,444,1052,true
RSA-PRE,common-modulus-3072-demo,1024,74,2.1204,0.8228,1.5518,0.0075,9.7076,9.9621,0.0431,24.2171,444,1052,true
RSA-PRE,common-modulus-3072-demo,1024,75,2.1648,0.7455,1.4285,0.0068,9.5359,9.5793,0.0560,23.5188,444,1052,true
RSA-PRE,common-modulus-3072-demo,1024,76,1.7427,0.7788,1.6573,0.0152,9.3544,9.6499,0.0722,23.2725,444,1052,true
RSA-PRE,common-modulus-3072-demo,1024,77,1.7838,1.1689,1.5965,0.0080,9.1767,8.9733,0.0328,22.7420,444,1052,true
RSA-PRE,common-modulus-3072-demo,1024,78,1.8268,0.6914,1.3490,0.0073,8.9469,10.9039,0.0334,23.7611,444,1052,true
RSA-PRE,common-modulus-3072-demo,1024,79,1.6980,0.6940,1.4251,0.0064,8.4962,8.5041,0.0303,20.8558,444,1052,true
RSA-PRE,common-modulus-3072-demo,1024,80,1.5878,0.5478,1.2147,0.0060,8.3158,8.8102,0.0309,20.5151,444,1052,true
RSA-PRE,common-modulus-3072-demo,1024,81,1.5505,0.6743,1.3506,0.0089,8.4164,8.4179,0.0422,20.4633,444,1052,true
RSA-PRE,common-modulus-3072-demo,1024,82,1.4501,0.6575,1.5073,0.0077,9.1868,8.6326,0.0314,21.4766,444,1052,true
RSA-PRE,common-modulus-3072-demo,1024,83,1.5029,0.8163,1.3468,0.0064,8.0963,8.1667,0.0292,19.9665,444,1052,true
RSA-PRE,common-modulus-3072-demo,1024,84,1.4549,0.6223,1.1894,0.0059,8.0394,8.5673,0.0417,19.9230,444,1052,true
RSA-PRE,common-modulus-3072-demo,1024,85,1.6760,0.8043,1.2643,0.0074,8.9037,8.1229,0.0414,20.8227,444,1052,true
RSA-PRE,common-modulus-3072-demo,1024,86,1.5477,0.8392,1.3001,0.0059,8.8098,8.3812,0.0443,20.9307,444,1052,true
RSA-PRE,common-modulus-3072-demo,1024,87,1.8531,0.7407,1.3258,0.0088,8.1690,8.4059,0.1644,20.6709,444,1052,true
RSA-PRE,common-modulus-3072-demo,1024,88,1.6035,0.6086,1.2985,0.0081,8.3732,8.2801,0.0500,20.2239,444,1052,true
RSA-PRE,common-modulus-3072-demo,1024,89,1.4250,0.6332,1.3736,0.0077,8.0086,7.9988,0.0289,19.4775,444,1052,true
RSA-PRE,common-modulus-3072-demo,1024,90,1.6670,0.6586,1.2359,0.0064,7.9277,8.8560,0.0498,20.4038,444,1052,true
RSA-PRE,common-modulus-3072-demo,1024,91,1.5179,0.7762,1.3949,0.0083,7.8504,8.0173,0.0764,19.6435,444,1052,true
RSA-PRE,common-modulus-3072-demo,1024,92,1.5329,0.7237,1.5616,0.0067,8.1724,8.1232,0.1089,20.2317,444,1052,true
RSA-PRE,common-modulus-3072-demo,1024,93,1.7464,0.9298,1.5204,0.0081,8.0179,8.3521,0.0288,20.6059,444,1052,true
RSA-PRE,common-modulus-3072-demo,1024,94,1.4323,0.7865,1.3559,0.0064,8.0562,8.2529,0.0407,19.9327,444,1052,true
RSA-PRE,common-modulus-3072-demo,1024,95,1.4407,0.5983,1.2589,0.0064,7.9945,8.0182,0.0340,19.3529,444,1052,true
RSA-PRE,common-modulus-3072-demo,1024,96,1.4640,0.6793,1.6466,0.0087,7.9722,8.6162,0.0505,20.4395,444,1052,true
RSA-PRE,common-modulus-3072-demo,1024,97,1.5195,0.9460,1.2176,0.0064,7.8923,8.7933,0.0449,20.4218,444,1052,true
RSA-PRE,common-modulus-3072-demo,1024,98,1.6774,0.7791,1.4953,0.0064,9.2118,8.8368,0.0373,22.0471,444,1052,true
RSA-PRE,common-modulus-3072-demo,1024,99,1.4709,0.9443,1.3743,0.0068,8.1854,8.2416,0.0891,20.3144,444,1052,true
RSA-PRE,common-modulus-3072-demo,1024,100,1.5455,0.6211,1.3379,0.0093,8.1925,9.1055,0.0516,20.8659,444,1052,true
RSA-PRE,common-modulus-3072-demo,102400,1,1.5910,1.6807,1.1499,0.0073,8.3002,8.3067,1.2877,22.3256,444,102428,true
RSA-PRE,common-modulus-3072-demo,102400,2,1.4690,2.2414,1.2421,0.0073,8.2126,8.5405,1.2952,23.0107,444,102428,true
RSA-PRE,common-modulus-3072-demo,102400,3,1.5014,1.8218,1.1803,0.0074,8.0837,8.3702,1.2356,22.2025,444,102428,true
RSA-PRE,common-modulus-3072-demo,102400,4,1.3503,1.6795,1.1766,0.0083,8.1296,8.1823,1.5428,22.0716,444,102428,true
RSA-PRE,common-modulus-3072-demo,102400,5,1.6136,1.9757,1.1977,0.0069,8.3193,8.6732,1.2130,23.0021,444,102428,true
RSA-PRE,common-modulus-3072-demo,102400,6,1.4567,2.0277,1.6581,0.0111,8.2913,8.5453,1.2112,23.2049,444,102428,true
RSA-PRE,common-modulus-3072-demo,102400,7,1.7260,2.0882,1.5580,0.0114,8.2646,8.3392,1.2006,23.1907,444,102428,true
RSA-PRE,common-modulus-3072-demo,102400,8,1.3907,2.0970,2.0681,0.0097,8.9112,8.9488,1.3076,24.7364,444,102428,true
RSA-PRE,common-modulus-3072-demo,102400,9,1.5126,2.0405,1.3358,0.0086,8.5783,8.7866,1.4823,23.7477,444,102428,true
RSA-PRE,common-modulus-3072-demo,102400,10,1.9165,2.0350,1.3514,0.0117,8.8183,8.8111,1.3223,24.2707,444,102428,true
RSA-PRE,common-modulus-3072-demo,102400,11,1.5694,2.1174,1.4019,0.0120,9.4080,8.7445,1.3147,24.5713,444,102428,true
RSA-PRE,common-modulus-3072-demo,102400,12,1.6920,2.0187,1.4477,0.0111,8.3439,8.3937,1.2323,23.1418,444,102428,true
RSA-PRE,common-modulus-3072-demo,102400,13,1.6101,1.8949,1.6359,0.0073,8.2062,8.3827,1.2561,22.9953,444,102428,true
RSA-PRE,common-modulus-3072-demo,102400,14,1.9965,1.9456,1.3029,0.0092,8.2500,8.2984,1.2114,23.0177,444,102428,true
RSA-PRE,common-modulus-3072-demo,102400,15,1.7817,1.8595,1.5266,0.0081,8.2287,8.7848,1.2362,23.4282,444,102428,true
RSA-PRE,common-modulus-3072-demo,102400,16,1.3843,1.8419,1.1937,0.0073,8.0419,8.3573,1.2939,22.1221,444,102428,true
RSA-PRE,common-modulus-3072-demo,102400,17,1.5408,1.8114,1.4312,0.0082,8.1711,8.4684,1.2500,22.6844,444,102428,true
RSA-PRE,common-modulus-3072-demo,102400,18,1.4466,1.9469,1.3099,0.0100,8.1696,8.1997,1.2553,22.3404,444,102428,true
RSA-PRE,common-modulus-3072-demo,102400,19,1.4191,10.9010,1.2111,0.0078,8.2443,8.2949,1.3058,31.3858,444,102428,true
RSA-PRE,common-modulus-3072-demo,102400,20,1.2923,1.7360,1.4398,0.0162,8.2808,8.5367,1.3383,22.6434,444,102428,true
RSA-PRE,common-modulus-3072-demo,102400,21,1.4643,1.7721,1.5466,0.0093,7.9190,7.9547,1.1706,21.8383,444,102428,true
RSA-PRE,common-modulus-3072-demo,102400,22,1.4785,1.6070,1.0593,0.0063,8.0313,8.0913,1.2070,21.4827,444,102428,true
RSA-PRE,common-modulus-3072-demo,102400,23,1.5489,1.8408,1.3152,0.0093,7.9244,8.1133,1.2608,22.0159,444,102428,true
RSA-PRE,common-modulus-3072-demo,102400,24,1.3699,1.8532,1.2500,0.0071,8.5151,8.4763,1.1767,22.6516,444,102428,true
RSA-PRE,common-modulus-3072-demo,102400,25,1.2769,1.7866,1.2142,0.0093,8.4774,8.1723,1.2038,22.1439,444,102428,true
RSA-PRE,common-modulus-3072-demo,102400,26,1.4010,2.1196,1.2990,0.0102,8.4790,8.9260,1.4249,23.6638,444,102428,true
RSA-PRE,common-modulus-3072-demo,102400,27,1.4108,1.8694,1.5132,0.0075,8.1829,8.2778,1.2357,22.5000,444,102428,true
RSA-PRE,common-modulus-3072-demo,102400,28,1.4582,1.7582,1.1187,0.0069,8.5264,8.3844,1.2712,22.5265,444,102428,true
RSA-PRE,common-modulus-3072-demo,102400,29,1.5470,1.9569,1.3030,0.0079,8.1203,8.9993,1.2091,23.1466,444,102428,true
RSA-PRE,common-modulus-3072-demo,102400,30,1.4007,1.9144,1.2407,0.0096,8.3959,8.5992,1.2522,22.8152,444,102428,true
RSA-PRE,common-modulus-3072-demo,102400,31,1.4197,2.0601,1.3828,0.0088,8.2644,9.3644,1.1911,23.6942,444,102428,true
RSA-PRE,common-modulus-3072-demo,102400,32,1.2771,1.7824,1.1990,0.0071,8.1041,8.7903,1.2202,22.3841,444,102428,true
RSA-PRE,common-modulus-3072-demo,102400,33,1.3932,1.8070,1.1532,0.0074,8.3245,8.4352,1.2236,22.3465,444,102428,true
RSA-PRE,common-modulus-3072-demo,102400,34,1.6371,1.8775,1.3564,0.0080,8.0360,7.9372,1.2120,22.0678,444,102428,true
RSA-PRE,common-modulus-3072-demo,102400,35,1.4551,1.7092,1.1372,0.0072,8.2488,8.7334,1.2268,22.5203,444,102428,true
RSA-PRE,common-modulus-3072-demo,102400,36,1.3075,1.8622,1.3027,0.0116,8.5296,8.6492,1.5448,23.2116,444,102428,true
RSA-PRE,common-modulus-3072-demo,102400,37,1.4129,1.9195,1.6703,0.0096,8.2236,8.2216,1.2161,22.6762,444,102428,true
RSA-PRE,common-modulus-3072-demo,102400,38,1.6320,1.8332,1.1556,0.0071,8.6579,8.2313,1.2106,22.7302,444,102428,true
RSA-PRE,common-modulus-3072-demo,102400,39,1.3620,2.0172,1.3065,0.0075,8.2152,8.6869,1.2553,22.8531,444,102428,true
RSA-PRE,common-modulus-3072-demo,102400,40,1.3440,1.9191,1.3264,0.0106,7.9899,8.4136,1.1810,22.1868,444,102428,true
RSA-PRE,common-modulus-3072-demo,102400,41,1.3671,1.7889,1.1782,0.0067,8.3822,8.2750,1.3685,22.3696,444,102428,true
RSA-PRE,common-modulus-3072-demo,102400,42,1.3361,1.9588,1.2207,0.0084,8.1548,8.6155,1.2027,22.5000,444,102428,true
RSA-PRE,common-modulus-3072-demo,102400,43,1.4798,1.9311,1.3433,0.0111,8.7629,8.5142,1.2687,23.3143,444,102428,true
RSA-PRE,common-modulus-3072-demo,102400,44,1.2987,1.7285,1.2146,0.0067,8.1855,8.4265,1.5232,22.3864,444,102428,true
RSA-PRE,common-modulus-3072-demo,102400,45,1.2963,1.8037,1.3483,0.0067,8.2192,8.2639,1.2430,22.1839,444,102428,true
RSA-PRE,common-modulus-3072-demo,102400,46,1.5840,1.8318,1.3218,0.0079,8.0825,8.1673,1.2785,22.2764,444,102428,true
RSA-PRE,common-modulus-3072-demo,102400,47,1.4862,2.0521,1.1629,0.0074,8.0733,8.1274,1.2923,22.2036,444,102428,true
RSA-PRE,common-modulus-3072-demo,102400,48,1.4374,2.2137,1.3233,0.0085,7.9235,8.7273,1.1841,22.8207,444,102428,true
RSA-PRE,common-modulus-3072-demo,102400,49,1.3379,1.8703,1.2783,0.0100,8.1440,8.0944,1.2490,21.9863,444,102428,true
RSA-PRE,common-modulus-3072-demo,102400,50,1.3193,2.1872,1.4956,0.0085,7.9862,8.5100,1.3406,22.8503,444,102428,true
RSA-PRE,common-modulus-3072-demo,102400,51,1.3869,1.9995,1.6796,0.0093,9.9519,8.8483,1.2183,25.0975,444,102428,true
RSA-PRE,common-modulus-3072-demo,102400,52,1.4295,2.1280,1.3103,0.0088,8.1945,8.5827,1.5534,23.2129,444,102428,true
RSA-PRE,common-modulus-3072-demo,102400,53,1.5259,1.8637,1.1990,0.0078,8.2176,8.1813,1.2244,22.2218,444,102428,true
RSA-PRE,common-modulus-3072-demo,102400,54,1.4116,1.9643,1.2514,0.0087,8.5128,8.5687,1.2423,22.9639,444,102428,true
RSA-PRE,common-modulus-3072-demo,102400,55,1.4559,2.5223,1.7260,0.0136,8.5545,8.9081,1.4389,24.6250,444,102428,true
RSA-PRE,common-modulus-3072-demo,102400,56,2.0242,2.1362,1.5324,0.0117,9.5639,9.7647,1.3571,26.3945,444,102428,true
RSA-PRE,common-modulus-3072-demo,102400,57,2.1274,2.3415,1.6412,0.0105,9.1075,9.8928,1.3717,26.4970,444,102428,true
RSA-PRE,common-modulus-3072-demo,102400,58,1.5334,2.0162,1.3790,0.0120,9.5032,8.9798,2.1481,25.5760,444,102428,true
RSA-PRE,common-modulus-3072-demo,102400,59,1.4252,1.9900,1.2158,0.0087,8.8449,9.2511,1.2745,24.0134,444,102428,true
RSA-PRE,common-modulus-3072-demo,102400,60,1.4446,1.9386,1.1840,0.0080,8.9851,8.8849,1.6492,24.0993,444,102428,true
RSA-PRE,common-modulus-3072-demo,102400,61,1.6223,1.8624,1.1856,0.0084,8.0842,8.3178,1.2487,22.3333,444,102428,true
RSA-PRE,common-modulus-3072-demo,102400,62,1.4451,1.8958,1.3777,0.0113,8.2744,8.3165,1.2148,22.5396,444,102428,true
RSA-PRE,common-modulus-3072-demo,102400,63,1.3341,1.8047,1.5143,0.0112,8.2706,8.8358,1.3812,23.1566,444,102428,true
RSA-PRE,common-modulus-3072-demo,102400,64,1.3693,1.8851,1.4662,0.0096,9.0719,8.9981,1.3082,24.1135,444,102428,true
RSA-PRE,common-modulus-3072-demo,102400,65,1.3817,1.9783,1.4412,0.0098,8.2813,8.1238,1.8553,23.0764,444,102428,true
RSA-PRE,common-modulus-3072-demo,102400,66,1.4035,1.8117,1.7846,0.0125,8.9694,10.0136,1.2593,25.2611,444,102428,true
RSA-PRE,common-modulus-3072-demo,102400,67,1.8696,2.5691,1.7683,0.0115,9.5652,8.6275,1.2937,25.7109,444,102428,true
RSA-PRE,common-modulus-3072-demo,102400,68,1.7786,1.8758,1.2156,0.0091,8.4243,9.0479,1.2348,23.5897,444,102428,true
RSA-PRE,common-modulus-3072-demo,102400,69,1.4453,1.8950,1.2596,0.0093,8.4722,8.5992,1.2764,22.9606,444,102428,true
RSA-PRE,common-modulus-3072-demo,102400,70,1.4262,1.9207,1.2580,0.0095,7.9236,7.9850,1.2235,21.7483,444,102428,true
RSA-PRE,common-modulus-3072-demo,102400,71,1.2922,1.8078,1.1193,0.0074,8.3589,8.2278,1.5177,22.3343,444,102428,true
RSA-PRE,common-modulus-3072-demo,102400,72,1.2792,1.9813,1.2491,0.0118,8.5255,8.8184,1.6944,23.5649,444,102428,true
RSA-PRE,common-modulus-3072-demo,102400,73,1.3902,2.0562,1.2124,0.0094,8.1443,8.8833,1.2376,22.9365,444,102428,true
RSA-PRE,common-modulus-3072-demo,102400,74,1.3025,1.7993,1.1383,0.0080,8.7371,8.5495,1.3076,22.8451,444,102428,true
RSA-PRE,common-modulus-3072-demo,102400,75,1.3044,2.4941,1.2384,0.0091,8.1000,8.7027,1.6277,23.4820,444,102428,true
RSA-PRE,common-modulus-3072-demo,102400,76,1.5362,1.9162,1.2297,0.0096,8.9231,8.2161,1.1905,23.0248,444,102428,true
RSA-PRE,common-modulus-3072-demo,102400,77,1.4376,1.8966,1.6145,0.0194,8.3588,8.9824,1.1920,23.5063,444,102428,true
RSA-PRE,common-modulus-3072-demo,102400,78,1.2942,1.9531,1.1911,0.0083,8.0996,9.0273,1.3081,22.8851,444,102428,true
RSA-PRE,common-modulus-3072-demo,102400,79,1.3091,1.8480,1.1314,0.0086,8.5317,8.3061,1.3785,22.5164,444,102428,true
RSA-PRE,common-modulus-3072-demo,102400,80,1.4619,2.0388,1.1801,0.0084,8.1353,9.0287,1.2185,23.0751,444,102428,true
RSA-PRE,common-modulus-3072-demo,102400,81,1.4141,1.7551,1.1678,0.0082,8.4658,8.3270,1.2893,22.4305,444,102428,true
RSA-PRE,common-modulus-3072-demo,102400,82,1.3010,1.7830,1.1330,0.0073,8.5613,8.3695,1.5157,22.6751,444,102428,true
RSA-PRE,common-modulus-3072-demo,102400,83,1.3856,1.9847,1.5146,0.0089,11.5412,14.0516,1.2824,31.7757,444,102428,true
RSA-PRE,common-modulus-3072-demo,102400,84,2.3812,2.8808,2.2999,0.0128,14.0632,8.8121,1.3357,31.7918,444,102428,true
RSA-PRE,common-modulus-3072-demo,102400,85,1.4373,2.0400,1.3735,0.0092,8.6385,8.7228,1.3203,23.5461,444,102428,true
RSA-PRE,common-modulus-3072-demo,102400,86,1.5429,1.8960,1.2787,0.0624,8.6418,8.6281,1.3023,23.3554,444,102428,true
RSA-PRE,common-modulus-3072-demo,102400,87,1.4500,2.0162,1.9455,0.0239,9.0865,9.6566,1.3094,25.4928,444,102428,true
RSA-PRE,common-modulus-3072-demo,102400,88,1.3946,1.9134,1.1549,0.0188,9.0155,8.6038,1.2950,23.4001,444,102428,true
RSA-PRE,common-modulus-3072-demo,102400,89,1.3533,1.9483,2.0454,0.0114,8.4060,8.8389,1.2548,23.8622,444,102428,true
RSA-PRE,common-modulus-3072-demo,102400,90,1.4142,1.8121,1.1587,0.0077,9.0087,8.9753,1.2847,23.6649,444,102428,true
RSA-PRE,common-modulus-3072-demo,102400,91,1.6768,2.0441,1.2707,0.0087,8.2931,8.3203,1.4744,23.0917,444,102428,true
RSA-PRE,common-modulus-3072-demo,102400,92,1.3621,1.8569,1.1745,0.0072,8.4083,8.3364,1.2739,22.4219,444,102428,true
RSA-PRE,common-modulus-3072-demo,102400,93,1.4456,1.9619,1.1813,0.0072,8.2331,8.3354,1.2680,22.4357,444,102428,true
RSA-PRE,common-modulus-3072-demo,102400,94,1.3906,1.7134,1.4424,0.0099,8.4260,8.6680,1.2021,22.8548,444,102428,true
RSA-PRE,common-modulus-3072-demo,102400,95,1.4852,2.0153,1.2775,0.0075,8.2034,8.6242,1.2281,22.8439,444,102428,true
RSA-PRE,common-modulus-3072-demo,102400,96,1.3686,1.8534,1.2094,0.0077,9.0333,8.3882,1.2160,23.0802,444,102428,true
RSA-PRE,common-modulus-3072-demo,102400,97,2.0284,1.9487,1.3387,0.0089,8.1258,9.0219,1.1865,23.6626,444,102428,true
RSA-PRE,common-modulus-3072-demo,102400,98,1.2419,1.7520,1.2492,0.0093,8.3266,8.2318,1.2336,22.0468,444,102428,true
RSA-PRE,common-modulus-3072-demo,102400,99,1.3671,1.8881,1.2561,0.0076,8.0490,8.1522,1.3485,22.0708,444,102428,true
RSA-PRE,common-modulus-3072-demo,102400,100,1.3668,1.7907,1.1555,0.0091,8.0625,8.2733,1.2445,21.9050,444,102428,true
RSA-PRE,common-modulus-3072-demo,1048576,1,1.3725,2.9558,1.1847,0.0081,8.3406,8.1373,2.0909,24.0901,444,1048604,true
RSA-PRE,common-modulus-3072-demo,1048576,2,1.5981,3.0323,1.3316,0.0080,7.9333,8.0933,2.2645,24.2619,444,1048604,true
RSA-PRE,common-modulus-3072-demo,1048576,3,1.3294,2.7599,1.3066,0.0064,8.2190,8.4953,2.1377,24.2550,444,1048604,true
RSA-PRE,common-modulus-3072-demo,1048576,4,1.2661,2.8973,1.2067,0.0078,8.2078,8.1083,2.2644,23.9589,444,1048604,true
RSA-PRE,common-modulus-3072-demo,1048576,5,1.3194,2.9860,1.1494,0.0062,7.9341,7.9900,2.0932,23.4789,444,1048604,true
RSA-PRE,common-modulus-3072-demo,1048576,6,1.4407,2.7789,1.5501,0.0077,8.1633,8.4463,2.0626,24.4498,444,1048604,true
RSA-PRE,common-modulus-3072-demo,1048576,7,1.3468,2.9662,1.2225,0.0063,8.3226,7.9914,2.4591,24.3154,444,1048604,true
RSA-PRE,common-modulus-3072-demo,1048576,8,1.4139,2.9085,1.2052,0.0107,7.9681,8.3225,2.3374,24.1669,444,1048604,true
RSA-PRE,common-modulus-3072-demo,1048576,9,1.3902,3.2581,1.5966,0.0075,8.1515,8.9394,2.6288,25.9727,444,1048604,true
RSA-PRE,common-modulus-3072-demo,1048576,10,1.3786,2.9967,1.2503,0.0068,8.2282,8.1132,2.1744,24.1485,444,1048604,true
RSA-PRE,common-modulus-3072-demo,1048576,11,1.6308,2.8233,1.2289,0.0063,8.2411,8.0749,2.0278,24.0333,444,1048604,true
RSA-PRE,common-modulus-3072-demo,1048576,12,1.4753,2.7625,1.2938,0.0076,7.9666,8.1904,2.1769,23.8735,444,1048604,true
RSA-PRE,common-modulus-3072-demo,1048576,13,1.2851,3.0210,1.4779,0.0069,8.1350,8.8554,2.5436,25.3259,444,1048604,true
RSA-PRE,common-modulus-3072-demo,1048576,14,1.4372,2.9508,1.3404,0.0065,8.1586,8.2650,2.2447,24.4042,444,1048604,true
RSA-PRE,common-modulus-3072-demo,1048576,15,1.5363,3.1201,1.3778,0.0078,8.2996,8.4060,2.2220,24.9704,444,1048604,true
RSA-PRE,common-modulus-3072-demo,1048576,16,1.7387,3.2573,1.2574,0.0073,8.8748,9.4897,2.3541,26.9798,444,1048604,true
RSA-PRE,common-modulus-3072-demo,1048576,17,1.3679,3.1015,1.3977,0.0067,8.2408,8.9067,2.2014,25.2228,444,1048604,true
RSA-PRE,common-modulus-3072-demo,1048576,18,1.3694,2.9958,1.2648,0.0078,8.4723,8.2098,8.3697,30.6902,444,1048604,true
RSA-PRE,common-modulus-3072-demo,1048576,19,1.4227,2.7899,1.3099,0.0084,8.1631,8.1340,2.0503,23.8786,444,1048604,true
RSA-PRE,common-modulus-3072-demo,1048576,20,1.4439,2.8675,1.1918,0.0061,8.1407,8.5304,2.3746,24.5557,444,1048604,true
RSA-PRE,common-modulus-3072-demo,1048576,21,1.3358,3.0853,1.2418,0.0088,8.2626,8.2995,2.2422,24.4766,444,1048604,true
RSA-PRE,common-modulus-3072-demo,1048576,22,1.3897,2.7434,1.2223,0.0063,8.2582,8.3119,2.2713,24.2036,444,1048604,true
RSA-PRE,common-modulus-3072-demo,1048576,23,1.3051,2.5644,1.1482,0.0064,8.1362,8.0345,2.2540,23.4491,444,1048604,true
RSA-PRE,common-modulus-3072-demo,1048576,24,1.3695,3.0481,1.1664,0.0065,7.8721,8.1179,2.3581,23.9388,444,1048604,true
RSA-PRE,common-modulus-3072-demo,1048576,25,1.2801,2.6284,1.2624,0.0077,8.2687,8.2259,2.8231,24.4968,444,1048604,true
RSA-PRE,common-modulus-3072-demo,1048576,26,1.3566,2.8723,1.2421,0.0066,8.8172,8.2368,2.4775,25.0097,444,1048604,true
RSA-PRE,common-modulus-3072-demo,1048576,27,1.5565,3.9338,1.4790,0.0096,8.4549,8.8385,2.4200,26.6932,444,1048604,true
RSA-PRE,common-modulus-3072-demo,1048576,28,1.4318,3.4005,1.4106,0.0096,8.8576,8.8064,2.6420,26.5597,444,1048604,true
RSA-PRE,common-modulus-3072-demo,1048576,29,1.4129,3.2383,1.4784,0.0096,10.0024,8.5628,2.2280,26.9333,444,1048604,true
RSA-PRE,common-modulus-3072-demo,1048576,30,1.5781,3.1690,1.9138,0.0150,8.4119,8.9368,2.3287,26.3547,444,1048604,true
RSA-PRE,common-modulus-3072-demo,1048576,31,1.4759,2.9893,1.7350,0.0435,8.7324,9.5410,2.3917,26.9092,444,1048604,true
RSA-PRE,common-modulus-3072-demo,1048576,32,1.5409,2.9312,1.8507,0.0179,9.8024,8.7038,3.2510,28.0991,444,1048604,true
RSA-PRE,common-modulus-3072-demo,1048576,33,1.3962,3.0830,1.4264,0.0076,9.4163,8.6975,2.5859,26.6138,444,1048604,true
RSA-PRE,common-modulus-3072-demo,1048576,34,1.7983,3.2169,1.4363,0.0089,8.7419,8.7073,2.3478,26.2585,444,1048604,true
RSA-PRE,common-modulus-3072-demo,1048576,35,1.7789,2.7856,1.4693,0.0086,8.4790,9.0834,2.1603,25.7658,444,1048604,true
RSA-PRE,common-modulus-3072-demo,1048576,36,1.4474,3.1623,1.3179,0.0081,8.3669,8.5051,2.0596,24.8675,444,1048604,true
RSA-PRE,common-modulus-3072-demo,1048576,37,1.5433,2.9813,1.1845,0.0063,8.3354,8.4999,2.5471,25.0980,444,1048604,true
RSA-PRE,common-modulus-3072-demo,1048576,38,1.2708,2.6264,1.2218,0.0062,8.1163,8.2382,2.5083,23.9883,444,1048604,true
RSA-PRE,common-modulus-3072-demo,1048576,39,1.3746,2.8654,1.3076,0.0067,8.1295,8.4718,2.1167,24.2729,444,1048604,true
RSA-PRE,common-modulus-3072-demo,1048576,40,1.5420,2.7919,1.3507,0.0060,8.3155,8.7946,2.4432,25.2448,444,1048604,true
RSA-PRE,common-modulus-3072-demo,1048576,41,1.6024,2.8149,1.2285,0.0083,8.3298,8.2706,2.3313,24.5870,444,1048604,true
RSA-PRE,common-modulus-3072-demo,1048576,42,1.5193,3.0517,1.2256,0.0064,8.2346,8.2023,2.2066,24.4471,444,1048604,true
RSA-PRE,common-modulus-3072-demo,1048576,43,1.2775,2.7865,1.2001,0.0061,8.1887,8.9057,2.6439,25.0088,444,1048604,true
RSA-PRE,common-modulus-3072-demo,1048576,44,1.3558,2.8564,1.1856,0.0061,8.1403,8.1849,2.5710,24.3004,444,1048604,true
RSA-PRE,common-modulus-3072-demo,1048576,45,1.3669,2.8380,1.1726,0.0066,8.0827,8.1656,2.1783,23.8110,444,1048604,true
RSA-PRE,common-modulus-3072-demo,1048576,46,1.4148,3.2941,1.2440,0.0062,8.1700,8.1848,2.3302,24.6447,444,1048604,true
RSA-PRE,common-modulus-3072-demo,1048576,47,1.3241,2.8448,1.2782,0.0077,8.1651,8.0838,2.4883,24.1925,444,1048604,true
RSA-PRE,common-modulus-3072-demo,1048576,48,1.4041,3.2287,1.2016,0.0064,8.3997,8.0130,2.1624,24.4164,444,1048604,true
RSA-PRE,common-modulus-3072-demo,1048576,49,1.5424,2.8305,1.5718,0.0085,9.3854,9.2571,2.5173,27.1139,444,1048604,true
RSA-PRE,common-modulus-3072-demo,1048576,50,1.4647,3.5198,1.4731,0.0070,8.9593,8.8044,2.4928,26.7220,444,1048604,true
RSA-PRE,common-modulus-3072-demo,1048576,51,1.5151,3.2216,1.3827,0.0073,8.8183,8.8682,2.5573,26.3717,444,1048604,true
RSA-PRE,common-modulus-3072-demo,1048576,52,1.3857,3.0801,1.3205,0.0064,8.5523,8.6561,2.5488,25.5506,444,1048604,true
RSA-PRE,common-modulus-3072-demo,1048576,53,1.4968,2.8933,1.3557,0.0064,8.5325,8.8579,2.0426,25.1855,444,1048604,true
RSA-PRE,common-modulus-3072-demo,1048576,54,1.2971,2.8540,1.1711,0.0068,8.0479,8.1773,2.0796,23.6344,444,1048604,true
RSA-PRE,common-modulus-3072-demo,1048576,55,1.6455,2.7563,1.4259,0.0079,8.0189,8.3871,2.3654,24.6075,444,1048604,true
RSA-PRE,common-modulus-3072-demo,1048576,56,1.2964,2.7901,1.1389,0.0058,7.9017,7.9517,2.1855,23.2705,444,1048604,true
RSA-PRE,common-modulus-3072-demo,1048576,57,1.3717,2.7711,2.1650,0.0066,7.8849,9.0553,2.2108,25.4663,444,1048604,true
RSA-PRE,common-modulus-3072-demo,1048576,58,1.4220,3.3066,1.2816,0.0070,8.2162,9.1537,2.2572,25.6450,444,1048604,true
RSA-PRE,common-modulus-3072-demo,1048576,59,1.2455,2.8061,1.1389,0.0069,7.8353,7.7523,2.4380,23.2234,444,1048604,true
RSA-PRE,common-modulus-3072-demo,1048576,60,1.2247,3.2562,1.2304,0.0071,7.8516,8.2717,2.0014,23.8438,444,1048604,true
RSA-PRE,common-modulus-3072-demo,1048576,61,1.3220,2.8937,1.3379,0.0067,8.8363,8.4152,2.1766,24.9889,444,1048604,true
RSA-PRE,common-modulus-3072-demo,1048576,62,1.7699,2.9108,1.2717,0.0086,8.7411,8.7578,2.2017,25.6628,444,1048604,true
RSA-PRE,common-modulus-3072-demo,1048576,63,1.3888,2.9846,1.5337,0.0097,8.2110,8.0563,2.1802,24.3646,444,1048604,true
RSA-PRE,common-modulus-3072-demo,1048576,64,1.4108,2.8230,1.5785,0.0077,8.2850,8.6062,2.1546,24.8667,444,1048604,true
RSA-PRE,common-modulus-3072-demo,1048576,65,1.5024,3.6068,1.2870,0.0073,8.0912,8.3445,2.2266,25.0664,444,1048604,true
RSA-PRE,common-modulus-3072-demo,1048576,66,1.4078,2.5210,1.1543,0.0062,8.1663,8.0615,2.5336,23.8513,444,1048604,true
RSA-PRE,common-modulus-3072-demo,1048576,67,1.3246,3.5874,1.2549,0.0086,8.3826,8.4183,2.3389,25.3163,444,1048604,true
RSA-PRE,common-modulus-3072-demo,1048576,68,1.2855,3.8676,1.3091,0.0069,7.9071,7.9602,2.1180,24.4551,444,1048604,true
RSA-PRE,common-modulus-3072-demo,1048576,69,1.4244,2.7039,1.1698,0.0060,8.2795,8.0082,2.7081,24.3005,444,1048604,true
RSA-PRE,common-modulus-3072-demo,1048576,70,1.5900,3.0086,1.2873,0.0084,8.3551,8.6879,2.0615,24.9997,444,1048604,true
RSA-PRE,common-modulus-3072-demo,1048576,71,1.4452,3.0239,1.2167,0.0073,8.3458,8.2805,2.1658,24.4862,444,1048604,true
RSA-PRE,common-modulus-3072-demo,1048576,72,1.3853,2.7187,1.1406,0.0066,8.2413,8.4618,2.0217,23.9764,444,1048604,true
RSA-PRE,common-modulus-3072-demo,1048576,73,1.4636,2.6106,1.1662,0.0055,8.5692,7.9715,2.2954,24.0831,444,1048604,true
RSA-PRE,common-modulus-3072-demo,1048576,74,1.6680,2.9672,1.1701,0.0083,8.1958,8.3305,1.9874,24.3279,444,1048604,true
RSA-PRE,common-modulus-3072-demo,1048576,75,1.4566,2.9261,1.5645,0.0093,8.6045,10.3183,4.6779,29.5582,444,1048604,true
RSA-PRE,common-modulus-3072-demo,1048576,76,2.1342,3.9424,1.9459,0.0088,10.5492,8.9047,2.4546,29.9411,444,1048604,true
RSA-PRE,common-modulus-3072-demo,1048576,77,1.4441,2.9139,1.2994,0.0077,8.7281,8.7465,2.3323,25.4729,444,1048604,true
RSA-PRE,common-modulus-3072-demo,1048576,78,1.5032,3.0861,1.1900,0.0067,8.3277,8.4058,2.4373,24.9575,444,1048604,true
RSA-PRE,common-modulus-3072-demo,1048576,79,1.4342,2.6570,1.2362,0.0071,8.4810,8.3416,2.1424,24.3001,444,1048604,true
RSA-PRE,common-modulus-3072-demo,1048576,80,1.4993,2.8888,1.2422,0.0066,8.2547,8.3003,2.3210,24.5133,444,1048604,true
RSA-PRE,common-modulus-3072-demo,1048576,81,1.4284,2.8839,1.1961,0.0067,8.2829,8.8607,2.4941,25.1534,444,1048604,true
RSA-PRE,common-modulus-3072-demo,1048576,82,1.2979,2.7368,1.1800,0.0064,8.1548,8.1966,2.3783,23.9516,444,1048604,true
RSA-PRE,common-modulus-3072-demo,1048576,83,1.7428,3.2955,1.1945,0.0068,8.1725,8.1108,2.1610,24.6845,444,1048604,true
RSA-PRE,common-modulus-3072-demo,1048576,84,1.5661,3.3915,1.2594,0.0069,8.1314,8.6506,2.4367,25.4430,444,1048604,true
RSA-PRE,common-modulus-3072-demo,1048576,85,1.3766,7.8904,1.3869,0.0073,8.1551,8.1737,2.4132,29.4040,444,1048604,true
RSA-PRE,common-modulus-3072-demo,1048576,86,1.4724,3.1576,1.1358,0.0065,8.8117,8.2488,2.2747,25.1083,444,1048604,true
RSA-PRE,common-modulus-3072-demo,1048576,87,1.5868,2.9767,1.4659,0.0086,9.7714,10.3928,2.6696,28.8726,444,1048604,true
RSA-PRE,common-modulus-3072-demo,1048576,88,1.7020,3.5353,1.5571,0.0083,9.5829,9.8421,0.4051,26.6339,444,1048604,true
RSA-PRE,common-modulus-3072-demo,1048576,89,1.5804,0.9615,1.3388,0.0070,9.4354,9.1304,0.3756,22.8301,444,1048604,true
RSA-PRE,common-modulus-3072-demo,1048576,90,1.4565,1.0071,1.3364,0.0085,8.9779,9.4718,0.3528,22.6119,444,1048604,true
RSA-PRE,common-modulus-3072-demo,1048576,91,1.4768,0.9832,1.3364,0.0068,9.2331,8.6870,0.4218,22.1459,444,1048604,true
RSA-PRE,common-modulus-3072-demo,1048576,92,1.8076,1.0349,1.3185,0.0070,8.1787,9.1482,0.3339,21.8291,444,1048604,true
RSA-PRE,common-modulus-3072-demo,1048576,93,1.3977,0.9518,1.1590,0.0362,9.1272,8.1537,0.4420,21.2682,444,1048604,true
RSA-PRE,common-modulus-3072-demo,1048576,94,1.3222,1.1348,1.9588,0.0090,8.1587,8.9060,0.4127,21.9029,444,1048604,true
RSA-PRE,common-modulus-3072-demo,1048576,95,1.3545,0.9595,1.3185,0.0057,8.4514,8.8155,0.3513,21.2573,444,1048604,true
RSA-PRE,common-modulus-3072-demo,1048576,96,1.4534,1.0814,1.6132,0.0081,8.4578,8.5738,0.3324,21.5208,444,1048604,true
RSA-PRE,common-modulus-3072-demo,1048576,97,1.4263,1.1813,1.3297,0.0069,8.4851,8.3535,0.3081,21.0916,444,1048604,true
RSA-PRE,common-modulus-3072-demo,1048576,98,1.3284,0.9092,1.2219,0.0059,7.8039,8.0138,0.3411,19.6250,444,1048604,true
RSA-PRE,common-modulus-3072-demo,1048576,99,1.3489,0.9720,1.1313,0.0269,8.1429,8.7546,0.3984,20.7758,444,1048604,true
RSA-PRE,common-modulus-3072-demo,1048576,100,1.3518,0.9284,1.2697,0.0082,7.9105,7.9489,0.3087,19.7269,444,1048604,true
RSA-PRE,common-modulus-3072-demo,10485760,1,1.3835,3.9619,1.3857,0.0083,7.9460,9.4092,3.0835,27.1791,444,10485788,true
RSA-PRE,common-modulus-3072-demo,10485760,2,1.3873,3.8383,1.5257,0.0093,7.9863,8.3445,3.0591,26.1514,444,10485788,true
RSA-PRE,common-modulus-3072-demo,10485760,3,1.3507,3.7354,1.3719,0.0186,8.3269,8.0956,3.4084,26.3083,444,10485788,true
RSA-PRE,common-modulus-3072-demo,10485760,4,1.3222,3.6702,1.3601,0.0117,8.1331,7.9546,3.1402,25.5927,444,10485788,true
RSA-PRE,common-modulus-3072-demo,10485760,5,1.4612,3.9421,1.5233,0.0117,8.3224,8.7065,3.2233,27.1913,444,10485788,true
RSA-PRE,common-modulus-3072-demo,10485760,6,1.4236,4.2259,1.3363,0.0045,8.3754,8.3118,3.1576,26.8362,444,10485788,true
RSA-PRE,common-modulus-3072-demo,10485760,7,1.3001,3.9769,1.3305,0.0053,8.2477,8.0131,3.6998,26.5743,444,10485788,true
RSA-PRE,common-modulus-3072-demo,10485760,8,1.3054,3.7077,1.2616,0.0043,8.5246,9.4621,4.1372,28.4039,444,10485788,true
RSA-PRE,common-modulus-3072-demo,10485760,9,1.6070,4.2835,1.3238,0.0043,8.8987,8.8890,3.4196,28.4267,444,10485788,true
RSA-PRE,common-modulus-3072-demo,10485760,10,1.5974,4.0506,1.3099,0.0050,8.6529,8.8465,3.3459,27.8093,444,10485788,true
RSA-PRE,common-modulus-3072-demo,10485760,11,1.4861,3.9333,1.2431,0.0057,8.0268,8.0198,3.0299,25.7456,444,10485788,true
RSA-PRE,common-modulus-3072-demo,10485760,12,1.2871,4.8385,1.3527,0.0046,7.8888,8.2022,3.1917,26.7660,444,10485788,true
RSA-PRE,common-modulus-3072-demo,10485760,13,1.2648,3.7200,1.6129,0.0053,8.2283,8.3130,3.4745,26.6197,444,10485788,true
RSA-PRE,common-modulus-3072-demo,10485760,14,1.2538,3.6493,1.2976,0.0043,8.2729,7.7978,3.1669,25.4434,444,10485788,true
RSA-PRE,common-modulus-3072-demo,10485760,15,1.6579,3.8213,1.2705,0.0041,8.0886,8.0496,3.3339,26.2270,444,10485788,true
RSA-PRE,common-modulus-3072-demo,10485760,16,1.4107,3.7205,1.3711,0.0046,8.0112,8.5358,3.4737,26.5286,444,10485788,true
RSA-PRE,common-modulus-3072-demo,10485760,17,1.6025,4.0933,1.4482,0.0086,8.0025,8.0091,3.1549,26.3197,444,10485788,true
RSA-PRE,common-modulus-3072-demo,10485760,18,1.4948,3.6569,1.2110,0.0042,8.1156,8.2374,3.6072,26.3281,444,10485788,true
RSA-PRE,common-modulus-3072-demo,10485760,19,1.5365,3.7807,1.3277,0.0051,8.0822,8.1512,3.0587,25.9432,444,10485788,true
RSA-PRE,common-modulus-3072-demo,10485760,20,1.6394,3.8310,1.5160,0.0060,8.0454,8.0201,4.3009,27.3598,444,10485788,true
RSA-PRE,common-modulus-3072-demo,10485760,21,1.4392,4.2428,1.4395,0.0048,8.1232,8.2434,3.5614,27.0553,444,10485788,true
RSA-PRE,common-modulus-3072-demo,10485760,22,1.5634,4.0601,1.3049,0.0056,8.2489,8.3588,3.2606,26.8032,444,10485788,true
RSA-PRE,common-modulus-3072-demo,10485760,23,1.5564,4.2102,1.3662,0.0058,8.1681,8.9494,3.1609,27.4180,444,10485788,true
RSA-PRE,common-modulus-3072-demo,10485760,24,1.4563,8.8407,1.6074,0.0101,8.3990,8.6969,3.2642,32.2755,444,10485788,true
RSA-PRE,common-modulus-3072-demo,10485760,25,1.5140,3.8777,1.3884,0.0043,8.2657,8.2409,3.4821,26.7738,444,10485788,true
RSA-PRE,common-modulus-3072-demo,10485760,26,1.5969,3.9335,1.5516,0.0057,8.1591,8.2224,3.5463,27.0164,444,10485788,true
RSA-PRE,common-modulus-3072-demo,10485760,27,1.4143,4.1075,1.3005,0.0125,8.1163,8.3749,3.1246,26.4515,444,10485788,true
RSA-PRE,common-modulus-3072-demo,10485760,28,1.5278,4.1520,1.4523,0.0056,8.1953,8.2749,3.2540,26.8626,444,10485788,true
RSA-PRE,common-modulus-3072-demo,10485760,29,1.4147,4.6133,1.4850,0.0052,8.0966,8.3663,3.3092,27.2910,444,10485788,true
RSA-PRE,common-modulus-3072-demo,10485760,30,1.3955,4.2331,1.3852,0.0063,8.2971,8.8103,3.4238,27.5523,444,10485788,true
RSA-PRE,common-modulus-3072-demo,10485760,31,1.4572,8.8687,1.6125,0.0092,8.1978,8.1316,3.4241,31.7023,444,10485788,true
RSA-PRE,common-modulus-3072-demo,10485760,32,2.3268,11.1723,1.8998,0.0066,14.9442,8.8619,3.4264,42.6396,444,10485788,true
RSA-PRE,common-modulus-3072-demo,10485760,33,1.5698,4.3625,1.2985,0.0042,8.3793,8.3902,3.3136,27.3191,444,10485788,true
RSA-PRE,common-modulus-3072-demo,10485760,34,1.4319,4.0618,1.3984,0.0064,8.3118,8.7108,3.3090,27.2314,444,10485788,true
RSA-PRE,common-modulus-3072-demo,10485760,35,1.4425,4.1588,1.3946,0.0050,8.1231,8.2825,3.2614,26.6691,444,10485788,true
RSA-PRE,common-modulus-3072-demo,10485760,36,1.3681,4.0069,1.4775,0.0056,8.1808,8.2105,3.5793,26.8298,444,10485788,true
RSA-PRE,common-modulus-3072-demo,10485760,37,1.4495,3.9758,1.3377,0.0053,8.2691,8.2764,3.1497,26.4644,444,10485788,true
RSA-PRE,common-modulus-3072-demo,10485760,38,1.6314,8.0417,1.6473,0.0093,8.2493,8.2551,3.2756,31.1107,444,10485788,true
RSA-PRE,common-modulus-3072-demo,10485760,39,1.5636,4.0114,1.2896,0.0049,8.2013,8.3605,3.2725,26.7045,444,10485788,true
RSA-PRE,common-modulus-3072-demo,10485760,40,1.5665,4.0022,1.2641,0.0041,8.1374,8.5224,3.3694,26.8670,444,10485788,true
RSA-PRE,common-modulus-3072-demo,10485760,41,1.5086,4.0233,1.4003,0.0058,8.4843,8.6532,3.2380,27.3143,444,10485788,true
RSA-PRE,common-modulus-3072-demo,10485760,42,1.4138,4.0023,1.2804,0.0044,8.1184,8.1061,3.3596,26.2859,444,10485788,true
RSA-PRE,common-modulus-3072-demo,10485760,43,1.3721,4.7388,1.3919,0.0045,8.1682,8.5340,3.1054,27.3157,444,10485788,true
RSA-PRE,common-modulus-3072-demo,10485760,44,1.3524,3.8360,1.3325,0.0052,8.1228,8.3257,3.2821,26.2574,444,10485788,true
RSA-PRE,common-modulus-3072-demo,10485760,45,1.5076,7.5950,1.6990,0.0111,8.3797,9.1152,3.5462,31.8549,444,10485788,true
RSA-PRE,common-modulus-3072-demo,10485760,46,1.4460,4.1438,1.4471,0.0055,8.3748,8.3876,3.3747,27.1806,444,10485788,true
RSA-PRE,common-modulus-3072-demo,10485760,47,1.3506,3.8660,1.3902,0.0066,8.2599,8.2274,3.1329,26.2347,444,10485788,true
RSA-PRE,common-modulus-3072-demo,10485760,48,1.3782,4.3351,1.3239,0.0046,8.3397,8.5462,3.1171,27.0457,444,10485788,true
RSA-PRE,common-modulus-3072-demo,10485760,49,1.4158,3.7237,1.5532,0.0046,7.9126,8.2950,3.4196,26.3257,444,10485788,true
RSA-PRE,common-modulus-3072-demo,10485760,50,1.3510,3.7631,1.1808,0.0039,8.1746,8.3027,3.2515,26.0286,444,10485788,true
RSA-PRE,common-modulus-3072-demo,10485760,51,1.3857,3.7494,1.3672,0.0045,8.1937,8.6912,3.1624,26.5552,444,10485788,true
RSA-PRE,common-modulus-3072-demo,10485760,52,1.4043,8.0941,1.6766,0.0105,8.1384,8.1528,3.3726,30.8501,444,10485788,true
RSA-PRE,common-modulus-3072-demo,10485760,53,1.4951,4.0633,1.4917,0.0134,8.2005,8.5936,3.1359,26.9944,444,10485788,true
RSA-PRE,common-modulus-3072-demo,10485760,54,1.3229,3.8562,1.3321,0.0054,8.4239,7.9515,3.9404,26.8331,444,10485788,true
RSA-PRE,common-modulus-3072-demo,10485760,55,1.3354,3.7042,1.2787,0.0041,8.4639,7.9682,3.1654,25.9207,444,10485788,true
RSA-PRE,common-modulus-3072-demo,10485760,56,1.3711,4.0318,1.3119,0.0054,8.3366,8.2028,3.0808,26.3415,444,10485788,true
RSA-PRE,common-modulus-3072-demo,10485760,57,1.4330,3.7307,1.4331,0.0044,8.1010,7.9758,3.5101,26.1890,444,10485788,true
RSA-PRE,common-modulus-3072-demo,10485760,58,1.3735,3.7061,1.3556,0.0054,8.2409,7.9624,3.1720,25.8166,444,10485788,true
RSA-PRE,common-modulus-3072-demo,10485760,59,1.8756,8.0654,1.7259,0.0091,8.4829,8.2989,3.7137,32.1722,444,10485788,true
RSA-PRE,common-modulus-3072-demo,10485760,60,1.6488,4.2251,1.4801,0.0054,10.0665,9.6677,3.9526,31.0472,444,10485788,true
RSA-PRE,common-modulus-3072-demo,10485760,61,1.6137,4.2957,1.4246,0.0046,8.6345,8.6265,3.2670,27.8675,444,10485788,true
RSA-PRE,common-modulus-3072-demo,10485760,62,1.8453,3.7923,1.3771,0.0043,8.6958,8.5847,3.1107,27.4113,444,10485788,true
RSA-PRE,common-modulus-3072-demo,10485760,63,2.1512,3.9384,1.3016,0.0041,8.1230,8.5384,3.1474,27.2051,444,10485788,true
RSA-PRE,common-modulus-3072-demo,10485760,64,1.5190,4.5834,1.4757,0.0061,8.1300,8.5692,2.9709,27.2556,444,10485788,true
RSA-PRE,common-modulus-3072-demo,10485760,65,1.5558,3.5797,1.2406,0.0048,8.5585,7.9275,3.1481,26.0160,444,10485788,true
RSA-PRE,common-modulus-3072-demo,10485760,66,1.6091,3.8120,1.3556,0.0102,8.3986,8.1811,3.0887,26.4560,444,10485788,true
RSA-PRE,common-modulus-3072-demo,10485760,67,1.5344,4.0367,1.2911,0.0044,7.5047,8.3308,2.9814,25.6844,444,10485788,true
RSA-PRE,common-modulus-3072-demo,10485760,68,1.3398,4.3640,1.3601,0.0060,7.6727,8.5911,3.2216,26.5564,444,10485788,true
RSA-PRE,common-modulus-3072-demo,10485760,69,1.3348,3.7856,1.2829,0.0047,7.9034,8.1307,3.2144,25.6575,444,10485788,true
RSA-PRE,common-modulus-3072-demo,10485760,70,1.2518,3.5811,1.1537,0.0039,7.8048,8.5712,3.4998,25.8673,444,10485788,true
RSA-PRE,common-modulus-3072-demo,10485760,71,1.4504,5.3353,1.4023,0.0057,7.9225,9.2559,3.1536,28.5267,444,10485788,true
RSA-PRE,common-modulus-3072-demo,10485760,72,1.2984,3.6628,1.3037,0.0038,8.2533,8.0658,4.1501,26.7388,444,10485788,true
RSA-PRE,common-modulus-3072-demo,10485760,73,1.5484,3.6485,1.1515,0.0038,8.4719,8.0139,3.7417,26.5805,444,10485788,true
RSA-PRE,common-modulus-3072-demo,10485760,74,1.5024,3.7323,1.2002,0.0040,9.2395,8.4433,3.2899,27.4128,444,10485788,true
RSA-PRE,common-modulus-3072-demo,10485760,75,1.7601,3.8451,1.2639,0.0041,8.2773,8.4270,3.0775,26.6559,444,10485788,true
RSA-PRE,common-modulus-3072-demo,10485760,76,1.5090,4.5064,2.0650,0.0120,8.0360,8.8197,3.0636,28.0123,444,10485788,true
RSA-PRE,common-modulus-3072-demo,10485760,77,1.3529,3.7593,1.2307,0.0038,8.4492,8.0457,4.0677,26.9101,444,10485788,true
RSA-PRE,common-modulus-3072-demo,10485760,78,1.6244,3.7278,1.2835,0.0063,8.4941,8.4928,3.2763,26.9063,444,10485788,true
RSA-PRE,common-modulus-3072-demo,10485760,79,1.6534,3.7997,1.2748,0.0045,8.0663,8.6771,3.1536,26.6306,444,10485788,true
RSA-PRE,common-modulus-3072-demo,10485760,80,1.4550,3.8558,1.2904,0.0044,7.9123,8.2911,3.4092,26.2193,444,10485788,true
RSA-PRE,common-modulus-3072-demo,10485760,81,1.3238,3.9391,1.3072,0.0055,8.1605,8.1259,3.0667,25.9297,444,10485788,true
RSA-PRE,common-modulus-3072-demo,10485760,82,1.3597,3.7926,1.3877,0.0042,7.8986,8.1315,3.1757,25.7509,444,10485788,true
RSA-PRE,common-modulus-3072-demo,10485760,83,1.3194,3.6597,1.2457,0.0043,8.0550,8.0938,3.3507,25.7295,444,10485788,true
RSA-PRE,common-modulus-3072-demo,10485760,84,1.3306,4.6936,1.5187,0.0086,8.5202,8.1672,3.5427,27.7828,444,10485788,true
RSA-PRE,common-modulus-3072-demo,10485760,85,1.3256,3.6208,1.2486,0.0042,8.3221,7.9342,3.1708,25.6274,444,10485788,true
RSA-PRE,common-modulus-3072-demo,10485760,86,1.3540,3.8787,1.3019,0.0054,8.1638,8.1202,3.0505,25.8751,444,10485788,true
RSA-PRE,common-modulus-3072-demo,10485760,87,1.3002,3.6769,1.3853,0.0202,8.0255,8.1334,3.1207,25.6629,444,10485788,true
RSA-PRE,common-modulus-3072-demo,10485760,88,1.6309,4.5304,1.3554,0.0042,7.9521,8.0140,3.0580,26.5459,444,10485788,true
RSA-PRE,common-modulus-3072-demo,10485760,89,1.3498,4.0229,1.4039,0.0044,7.9488,8.4756,3.0964,26.3029,444,10485788,true
RSA-PRE,common-modulus-3072-demo,10485760,90,1.4425,3.8543,1.2828,0.0054,8.0798,8.1626,3.1684,25.9968,444,10485788,true
RSA-PRE,common-modulus-3072-demo,10485760,91,1.3064,3.7963,1.2344,0.0043,7.8833,7.9563,3.1481,25.3296,444,10485788,true
RSA-PRE,common-modulus-3072-demo,10485760,92,1.3296,4.7854,1.6273,0.0094,7.9644,7.9677,3.2094,26.8942,444,10485788,true
RSA-PRE,common-modulus-3072-demo,10485760,93,1.3071,3.9128,1.2653,0.0043,8.1749,7.9669,3.6477,26.2800,444,10485788,true
RSA-PRE,common-modulus-3072-demo,10485760,94,1.5029,3.8934,1.1915,0.0042,8.0182,8.1784,3.4832,26.2724,444,10485788,true
RSA-PRE,common-modulus-3072-demo,10485760,95,1.3550,4.2033,1.4992,0.0046,9.4234,9.2185,3.6075,29.3126,444,10485788,true
RSA-PRE,common-modulus-3072-demo,10485760,96,1.5788,3.9851,1.3989,0.0042,9.0078,8.8047,4.0331,28.8137,444,10485788,true
RSA-PRE,common-modulus-3072-demo,10485760,97,1.6470,3.9627,1.7396,0.0050,8.7978,9.0966,3.7115,28.9611,444,10485788,true
RSA-PRE,common-modulus-3072-demo,10485760,98,2.1813,5.3227,2.0506,0.0061,9.5114,9.0805,3.3630,31.5175,444,10485788,true
RSA-PRE,common-modulus-3072-demo,10485760,99,1.4803,4.1009,1.4090,0.0050,8.3252,8.4985,3.2187,27.0392,444,10485788,true
RSA-PRE,common-modulus-3072-demo,10485760,100,1.3705,4.8346,1.5393,0.0088,7.9876,8.1066,3.0571,26.9056,444,10485788,true
ECC-PRE,P-256-demo,1024,1,10.3201,0.6111,11.3947,0.1546,5.1540,5.4585,0.0098,33.1079,125,1052,true
ECC-PRE,P-256-demo,1024,2,9.9885,0.6195,11.0838,0.1531,5.3356,5.3105,0.0091,32.5037,125,1052,true
ECC-PRE,P-256-demo,1024,3,10.6300,0.6718,11.0364,0.1356,5.6689,5.2173,0.0081,33.3721,125,1052,true
ECC-PRE,P-256-demo,1024,4,10.0056,0.6374,10.9613,0.1431,5.3241,4.9144,0.0060,31.9961,125,1052,true
ECC-PRE,P-256-demo,1024,5,10.6472,0.6960,11.1240,0.2732,4.9174,5.1313,0.0060,32.8002,125,1052,true
ECC-PRE,P-256-demo,1024,6,10.3194,0.7422,10.7470,0.1523,4.9240,4.9412,0.0059,31.8363,125,1052,true
ECC-PRE,P-256-demo,1024,7,9.9163,0.7852,10.7795,0.1719,5.1294,5.0581,0.0084,31.8519,125,1052,true
ECC-PRE,P-256-demo,1024,8,10.8912,0.6992,10.4039,0.1460,4.9502,4.9656,0.0107,32.0706,125,1052,true
ECC-PRE,P-256-demo,1024,9,10.2673,0.7426,10.9528,0.1532,4.7992,4.9918,0.0058,31.9173,125,1052,true
ECC-PRE,P-256-demo,1024,10,10.1542,0.6689,10.8778,0.1309,4.9776,4.9332,0.0058,31.7522,125,1052,true
ECC-PRE,P-256-demo,1024,11,10.0785,0.7547,10.4490,0.1284,5.2410,5.5352,0.0080,32.2000,125,1052,true
ECC-PRE,P-256-demo,1024,12,11.3126,0.8466,11.2358,0.1593,5.0203,5.1964,0.0081,33.7835,125,1052,true
ECC-PRE,P-256-demo,1024,13,9.9864,0.7266,10.5004,0.1804,4.9739,5.2412,0.0208,31.6308,125,1052,true
ECC-PRE,P-256-demo,1024,14,10.5981,0.8308,10.3452,0.1349,4.9194,5.1602,0.0057,31.9950,125,1052,true
ECC-PRE,P-256-demo,1024,15,9.9888,0.6260,10.5429,0.1279,4.9761,5.4043,0.0122,31.6794,125,1052,true
ECC-PRE,P-256-demo,1024,16,9.9356,0.6471,10.7396,0.1696,5.3425,5.3675,0.0074,32.2102,125,1052,true
ECC-PRE,P-256-demo,1024,17,10.9402,0.6108,11.5947,0.1385,5.3592,5.2129,0.0074,33.8643,125,1052,true
ECC-PRE,P-256-demo,1024,18,10.1578,0.6366,10.7115,0.2638,5.0938,5.0859,0.0072,31.9576,125,1052,true
ECC-PRE,P-256-demo,1024,19,9.7702,0.6953,11.4549,0.1607,5.0614,5.2937,0.0078,32.4450,125,1052,true
ECC-PRE,P-256-demo,1024,20,10.3064,0.6268,11.1811,0.1842,5.2612,5.4645,0.0078,33.0328,125,1052,true
ECC-PRE,P-256-demo,1024,21,10.5765,0.7425,12.4893,0.1891,5.2907,6.1178,0.0075,35.4144,125,1052,true
ECC-PRE,P-256-demo,1024,22,10.1419,0.6151,12.3686,0.1310,5.4688,6.1178,0.0078,34.8520,125,1052,true
ECC-PRE,P-256-demo,1024,23,10.6235,0.8041,11.3418,0.1542,5.6408,5.3978,0.0083,33.9714,125,1052,true
ECC-PRE,P-256-demo,1024,24,10.7589,1.2031,12.4818,0.1576,5.5996,5.3631,0.0088,35.5736,125,1052,true
ECC-PRE,P-256-demo,1024,25,12.1673,0.6252,10.8208,0.1397,5.2075,5.2158,0.0101,34.1873,125,1052,true
ECC-PRE,P-256-demo,1024,26,10.5498,0.6441,12.0943,0.1946,5.4920,5.0742,0.0081,34.0578,125,1052,true
ECC-PRE,P-256-demo,1024,27,10.2675,0.6744,10.3818,0.1307,5.0855,5.0515,0.0061,31.5980,125,1052,true
ECC-PRE,P-256-demo,1024,28,10.4482,0.6420,10.2619,0.1292,5.0816,5.0354,0.0055,31.6041,125,1052,true
ECC-PRE,P-256-demo,1024,29,10.0204,1.0893,10.8629,0.1603,5.1604,5.2073,0.0086,32.5096,125,1052,true
ECC-PRE,P-256-demo,1024,30,10.4656,0.8636,11.2171,0.1903,5.8435,5.3557,0.0058,33.9424,125,1052,true
ECC-PRE,P-256-demo,1024,31,10.3328,0.7629,11.2313,0.1712,5.0666,5.0607,0.0080,32.6345,125,1052,true
ECC-PRE,P-256-demo,1024,32,9.9832,1.0141,10.6046,0.1392,4.9941,4.7854,0.0052,31.5266,125,1052,true
ECC-PRE,P-256-demo,1024,33,9.8063,0.8215,10.8869,0.1354,5.0393,4.8096,0.0055,31.5054,125,1052,true
ECC-PRE,P-256-demo,1024,34,9.5184,0.6335,10.6009,0.2087,5.1614,4.7131,0.0052,30.8418,125,1052,true
ECC-PRE,P-256-demo,1024,35,10.5995,0.6158,11.1921,0.1281,5.3428,5.0214,0.0056,32.9058,125,1052,true
ECC-PRE,P-256-demo,1024,36,10.4511,0.5553,11.7622,0.1585,4.9684,5.0782,0.0056,32.9803,125,1052,true
ECC-PRE,P-256-demo,1024,37,9.8668,0.7354,11.1273,0.1957,5.0778,5.0317,0.0072,32.0429,125,1052,true
ECC-PRE,P-256-demo,1024,38,9.6531,0.6172,11.1892,0.2072,4.9824,5.0157,0.0073,31.6728,125,1052,true
ECC-PRE,P-256-demo,1024,39,9.7961,0.5828,11.3070,0.2288,4.9386,5.1111,0.0082,31.9731,125,1052,true
ECC-PRE,P-256-demo,1024,40,9.7313,0.6085,10.2717,0.1388,4.9332,4.9030,0.0053,30.5924,125,1052,true
ECC-PRE,P-256-demo,1024,41,9.5960,0.6558,10.5158,0.1050,4.8846,5.0497,0.0074,30.8153,125,1052,true
ECC-PRE,P-256-demo,1024,42,9.6472,0.5896,9.9926,0.1019,4.6766,5.8321,0.0072,30.8481,125,1052,true
ECC-PRE,P-256-demo,1024,43,9.7385,0.7626,11.0198,0.1189,5.5939,7.4809,0.0085,34.7238,125,1052,true
ECC-PRE,P-256-demo,1024,44,12.4080,1.0139,12.3237,0.2084,6.4680,5.7368,0.0151,38.1749,125,1052,true
ECC-PRE,P-256-demo,1024,45,11.4679,0.7158,11.8098,0.1733,5.4565,5.5801,0.0079,35.2120,125,1052,true
ECC-PRE,P-256-demo,1024,46,10.8172,0.6895,12.1332,0.1116,5.0284,4.9275,0.0076,33.7157,125,1052,true
ECC-PRE,P-256-demo,1024,47,11.0849,0.6232,11.8181,0.1189,5.0581,5.1100,0.0072,33.8209,125,1052,true
ECC-PRE,P-256-demo,1024,48,10.4519,0.6351,10.7722,0.1081,5.2484,5.2097,0.0074,32.4336,125,1052,true
ECC-PRE,P-256-demo,1024,49,9.9793,0.6239,10.8750,0.2636,5.6020,4.8936,0.0079,32.2462,125,1052,true
ECC-PRE,P-256-demo,1024,50,9.8275,0.6223,9.4824,0.1036,5.2169,4.8971,0.0081,30.1587,125,1052,true
ECC-PRE,P-256-demo,1024,51,9.8315,0.5846,9.9312,0.1016,5.1400,4.9033,0.0073,30.5000,125,1052,true
ECC-PRE,P-256-demo,1024,52,9.5139,0.6810,10.2674,0.1315,4.9352,5.2506,0.0072,30.7876,125,1052,true
ECC-PRE,P-256-demo,1024,53,9.3265,0.5685,9.9882,0.1106,5.0292,4.7042,0.0069,29.7349,125,1052,true
ECC-PRE,P-256-demo,1024,54,9.8667,0.6187,10.7985,0.1057,4.7989,4.5624,0.0055,30.7570,125,1052,true
ECC-PRE,P-256-demo,1024,55,10.8887,0.7809,10.1799,0.1407,4.8153,4.6723,0.0076,31.4862,125,1052,true
ECC-PRE,P-256-demo,1024,56,9.9897,0.6085,9.3079,0.1427,4.6269,4.7013,0.0054,29.3830,125,1052,true
ECC-PRE,P-256-demo,1024,57,9.6634,1.3165,10.3521,0.1297,5.3863,5.0283,0.0070,31.8835,125,1052,true
ECC-PRE,P-256-demo,1024,58,9.5896,1.0613,10.7332,0.1396,5.0376,4.9355,0.0075,31.5046,125,1052,true
ECC-PRE,P-256-demo,1024,59,8.9638,0.6472,9.8675,0.1448,4.7919,4.6453,0.0054,29.0663,125,1052,true
ECC-PRE,P-256-demo,1024,60,9.0246,0.9844,10.7128,0.1342,5.0084,4.6502,0.0152,30.5302,125,1052,true
ECC-PRE,P-256-demo,1024,61,9.7340,0.5740,9.4002,0.1180,4.5527,5.0926,0.0072,29.4794,125,1052,true
ECC-PRE,P-256-demo,1024,62,10.0518,0.6232,9.9846,0.1318,5.7238,4.9725,0.0079,31.4965,125,1052,true
ECC-PRE,P-256-demo,1024,63,10.5460,0.5721,9.7204,0.1331,5.2052,4.9801,0.0075,31.1652,125,1052,true
ECC-PRE,P-256-demo,1024,64,9.4125,0.6911,9.6345,0.1503,4.6263,5.6778,0.0070,30.2003,125,1052,true
ECC-PRE,P-256-demo,1024,65,9.2510,0.5744,11.1519,0.1061,4.6429,5.2079,0.0075,30.9425,125,1052,true
ECC-PRE,P-256-demo,1024,66,9.5325,0.7018,9.8999,0.2030,4.7253,5.0060,0.0074,30.0767,125,1052,true
ECC-PRE,P-256-demo,1024,67,9.5509,0.5556,11.2388,0.1095,4.4918,5.3516,0.0074,31.3061,125,1052,true
ECC-PRE,P-256-demo,1024,68,10.0616,0.5947,9.6803,0.1087,5.1455,4.8556,0.0075,30.4548,125,1052,true
ECC-PRE,P-256-demo,1024,69,10.8181,0.5895,14.4293,0.1428,8.9249,8.7818,0.0061,43.6937,125,1052,true
ECC-PRE,P-256-demo,1024,70,10.3405,0.7569,10.7546,0.2142,5.1407,5.1214,0.0079,32.3371,125,1052,true
ECC-PRE,P-256-demo,1024,71,10.3134,0.7992,11.5497,0.2286,5.0982,5.6117,0.0081,33.6097,125,1052,true
ECC-PRE,P-256-demo,1024,72,9.6327,0.7498,10.7596,0.1168,4.8626,6.0491,0.0079,32.1795,125,1052,true
ECC-PRE,P-256-demo,1024,73,10.0111,0.8103,11.5170,0.1476,5.2158,5.8442,0.0080,33.5551,125,1052,true
ECC-PRE,P-256-demo,1024,74,10.8998,0.6884,12.1551,0.1122,5.0891,4.9292,0.0063,33.8807,125,1052,true
ECC-PRE,P-256-demo,1024,75,10.0212,0.7863,13.0231,0.1245,5.0247,5.5693,0.0080,34.5584,125,1052,true
ECC-PRE,P-256-demo,1024,76,9.5406,0.6880,10.5220,0.1361,4.9251,5.1545,0.0074,30.9743,125,1052,true
ECC-PRE,P-256-demo,1024,77,9.7369,0.7226,10.9357,0.1733,5.0107,4.7361,0.0058,31.3215,125,1052,true
ECC-PRE,P-256-demo,1024,78,9.9576,0.6501,10.6235,0.1018,4.6927,4.9048,0.0050,30.9360,125,1052,true
ECC-PRE,P-256-demo,1024,79,9.5987,0.5675,10.6049,0.0967,4.8495,4.8422,0.0059,30.5662,125,1052,true
ECC-PRE,P-256-demo,1024,80,9.6507,0.5855,10.0148,0.0939,4.6453,4.7842,0.0049,29.7799,125,1052,true
ECC-PRE,P-256-demo,1024,81,9.3285,0.8485,9.5808,0.0923,4.7479,5.0683,0.0054,29.6724,125,1052,true
ECC-PRE,P-256-demo,1024,82,9.8437,0.5972,11.1816,0.0959,4.6651,4.6766,0.0051,31.0656,125,1052,true
ECC-PRE,P-256-demo,1024,83,10.4537,0.6098,11.3606,0.1209,4.8649,5.1666,0.0074,32.5849,125,1052,true
ECC-PRE,P-256-demo,1024,84,9.9084,0.6702,10.9048,0.1059,4.7977,4.6846,0.0051,31.0772,125,1052,true
ECC-PRE,P-256-demo,1024,85,9.8306,0.5623,10.1563,0.0952,4.8936,4.6838,0.0051,30.2273,125,1052,true
ECC-PRE,P-256-demo,1024,86,9.7623,0.5080,10.0566,0.0939,4.9996,4.7052,0.0074,30.1332,125,1052,true
ECC-PRE,P-256-demo,1024,87,9.7977,0.5656,10.0677,0.2129,5.0080,4.8591,0.0073,30.5190,125,1052,true
ECC-PRE,P-256-demo,1024,88,9.7198,0.7630,10.0168,0.1077,4.5838,5.0762,0.0071,30.2750,125,1052,true
ECC-PRE,P-256-demo,1024,89,9.2849,0.5701,10.3970,0.0939,4.7031,4.6634,0.0050,29.7182,125,1052,true
ECC-PRE,P-256-demo,1024,90,9.4885,0.6356,10.1605,0.0955,4.7454,4.6212,0.0054,29.7525,125,1052,true
ECC-PRE,P-256-demo,1024,91,9.3715,0.7069,10.1476,0.0961,4.7521,4.5720,0.0077,29.6545,125,1052,true
ECC-PRE,P-256-demo,1024,92,9.3915,0.6383,9.7897,0.1369,4.9619,4.5814,0.0114,29.5116,125,1052,true
ECC-PRE,P-256-demo,1024,93,9.3090,0.8175,10.2335,0.1363,4.8840,4.8379,0.0077,30.2267,125,1052,true
ECC-PRE,P-256-demo,1024,94,9.8502,0.7797,10.4079,0.1063,4.7364,4.7192,0.0052,30.6055,125,1052,true
ECC-PRE,P-256-demo,1024,95,9.2673,0.6041,10.5372,0.1099,5.7406,5.7801,0.0081,32.0478,125,1052,true
ECC-PRE,P-256-demo,1024,96,11.1147,0.6410,11.7202,0.1676,5.6784,5.7128,0.0084,35.0441,125,1052,true
ECC-PRE,P-256-demo,1024,97,10.4632,0.6391,11.7423,0.1179,5.2739,5.0574,0.0052,33.2994,125,1052,true
ECC-PRE,P-256-demo,1024,98,9.9750,0.5574,11.2224,0.1262,5.0336,4.9810,0.0075,31.9037,125,1052,true
ECC-PRE,P-256-demo,1024,99,9.9367,0.6684,10.9459,0.0951,4.5178,4.6831,0.0052,30.8530,125,1052,true
ECC-PRE,P-256-demo,1024,100,9.4317,0.5224,10.2849,0.0945,4.7040,4.7524,0.0071,29.7977,125,1052,true
ECC-PRE,P-256-demo,102400,1,9.7368,0.6182,10.0674,0.1090,5.1634,5.0100,0.0494,30.7548,125,102428,true
ECC-PRE,P-256-demo,102400,2,9.5793,0.8546,9.8157,0.1054,5.4046,4.7976,0.0504,30.6081,125,102428,true
ECC-PRE,P-256-demo,102400,3,9.6302,0.7863,10.3320,0.0852,4.8448,4.9993,0.0448,30.7234,125,102428,true
ECC-PRE,P-256-demo,102400,4,9.2249,0.6556,10.2765,0.0933,4.7038,4.8109,0.0434,29.8089,125,102428,true
ECC-PRE,P-256-demo,102400,5,9.2043,0.5794,9.7051,0.0802,4.6600,4.9849,0.0499,29.2643,125,102428,true
ECC-PRE,P-256-demo,102400,6,9.2257,0.5811,10.2368,0.0980,4.7069,4.8955,0.0399,29.7843,125,102428,true
ECC-PRE,P-256-demo,102400,7,9.4909,0.6269,10.2501,0.1048,4.6516,4.4704,0.0481,29.6437,125,102428,true
ECC-PRE,P-256-demo,102400,8,9.3803,0.5469,10.6704,0.1275,4.5501,4.8659,0.0498,30.1915,125,102428,true
ECC-PRE,P-256-demo,102400,9,9.7248,0.5866,10.5395,0.0976,4.5907,5.0524,0.0490,30.6411,125,102428,true
ECC-PRE,P-256-demo,102400,10,9.1688,0.5400,10.8771,0.1048,4.8457,4.6037,0.0536,30.1942,125,102428,true
ECC-PRE,P-256-demo,102400,11,9.8667,0.6849,10.6563,0.0856,4.6300,4.6044,0.0366,30.5649,125,102428,true
ECC-PRE,P-256-demo,102400,12,9.4071,0.5132,9.2881,0.1179,4.6014,4.7519,0.0483,28.7285,125,102428,true
ECC-PRE,P-256-demo,102400,13,9.5103,0.5643,9.5723,0.0767,4.9840,4.9942,0.0503,29.7523,125,102428,true
ECC-PRE,P-256-demo,102400,14,9.4231,0.5775,10.0313,0.0816,4.8525,4.7655,0.0486,29.7803,125,102428,true
ECC-PRE,P-256-demo,102400,15,9.6070,0.7350,10.6192,0.0996,4.8759,4.7551,0.0369,30.7291,125,102428,true
ECC-PRE,P-256-demo,102400,16,9.6935,0.7055,9.9906,0.0818,4.6537,4.5548,0.0372,29.7176,125,102428,true
ECC-PRE,P-256-demo,102400,17,8.9447,0.6011,10.2804,0.1282,5.2687,4.9099,0.0403,30.1735,125,102428,true
ECC-PRE,P-256-demo,102400,18,9.7749,0.7678,10.3585,0.1050,5.1685,4.9941,0.0491,31.2186,125,102428,true
ECC-PRE,P-256-demo,102400,19,9.3212,0.9745,10.2592,0.0903,4.6552,5.3501,0.0510,30.7024,125,102428,true
ECC-PRE,P-256-demo,102400,20,9.2132,0.7470,10.2082,0.0819,4.8220,5.3503,0.0877,30.5110,125,102428,true
ECC-PRE,P-256-demo,102400,21,12.6439,0.9905,10.3800,0.0889,5.2318,5.4774,0.0470,34.8604,125,102428,true
ECC-PRE,P-256-demo,102400,22,9.7583,0.6519,9.6262,0.0827,4.8208,4.8837,0.0370,29.8616,125,102428,true
ECC-PRE,P-256-demo,102400,23,9.5602,0.5602,9.6331,0.0827,5.1194,4.7328,0.0480,29.7373,125,102428,true
ECC-PRE,P-256-demo,102400,24,9.6662,0.5662,9.7262,0.1237,4.8398,4.7856,0.0495,29.7579,125,102428,true
ECC-PRE,P-256-demo,102400,25,9.8407,0.7808,10.2432,0.0988,4.9776,4.6508,0.0488,30.6413,125,102428,true
ECC-PRE,P-256-demo,102400,26,9.3648,0.6844,9.6758,0.1136,4.8012,4.8450,0.0489,29.5345,125,102428,true
ECC-PRE,P-256-demo,102400,27,9.4286,0.7376,10.1569,0.1221,4.8270,4.9121,0.0490,30.2340,125,102428,true
ECC-PRE,P-256-demo,102400,28,9.3571,0.8751,9.9209,0.0854,4.9563,4.9329,0.0487,30.1770,125,102428,true
ECC-PRE,P-256-demo,102400,29,9.4530,1.1706,10.2662,0.1149,4.6421,4.7966,0.0485,30.4924,125,102428,true
ECC-PRE,P-256-demo,102400,30,9.9911,0.9807,9.9180,0.0839,4.7345,4.7173,0.0491,30.4757,125,102428,true
ECC-PRE,P-256-demo,102400,31,9.7358,0.9657,10.2015,0.1223,5.2144,4.8343,0.0497,31.1246,125,102428,true
ECC-PRE,P-256-demo,102400,32,9.6367,1.1705,9.7927,0.1124,5.1511,4.8428,0.0488,30.7558,125,102428,true
ECC-PRE,P-256-demo,102400,33,9.2291,0.6305,9.4804,0.0814,4.8179,4.8124,0.0491,29.1017,125,102428,true
ECC-PRE,P-256-demo,102400,34,9.3534,0.6370,10.7893,0.1143,4.6965,4.8023,0.0365,30.4299,125,102428,true
ECC-PRE,P-256-demo,102400,35,9.0637,0.5895,9.9681,0.1132,4.7072,4.9076,0.0494,29.3996,125,102428,true
ECC-PRE,P-256-demo,102400,36,10.1856,0.6592,11.6041,0.1847,4.9505,4.7924,0.0487,32.4258,125,102428,true
ECC-PRE,P-256-demo,102400,37,9.5820,0.9385,9.9495,0.0792,5.1784,4.8975,0.0485,30.6737,125,102428,true
ECC-PRE,P-256-demo,102400,38,9.8730,0.7107,9.8441,0.0803,4.9326,4.9621,0.0370,30.4403,125,102428,true
ECC-PRE,P-256-demo,102400,39,9.1668,0.8214,10.1006,0.0847,4.5165,5.4144,0.0397,30.1446,125,102428,true
ECC-PRE,P-256-demo,102400,40,9.4919,0.8930,10.0640,0.0919,4.8549,4.9526,0.0517,30.4005,125,102428,true
ECC-PRE,P-256-demo,102400,41,9.2112,0.5688,9.8579,0.0726,4.5262,4.7378,0.0497,29.0246,125,102428,true
ECC-PRE,P-256-demo,102400,42,10.5078,0.8671,10.2848,0.1043,4.6769,4.8934,0.0494,31.3845,125,102428,true
ECC-PRE,P-256-demo,102400,43,9.7436,0.7119,9.8590,0.0907,5.2308,5.0296,0.0492,30.7159,125,102428,true
ECC-PRE,P-256-demo,102400,44,9.4084,0.7193,10.2061,0.0788,4.8831,5.2072,0.0486,30.5527,125,102428,true
ECC-PRE,P-256-demo,102400,45,9.1337,1.0835,10.0403,0.1001,4.7093,5.0941,0.0491,30.2110,125,102428,true
ECC-PRE,P-256-demo,102400,46,9.0940,0.6673,10.3628,0.1147,4.8332,5.0784,0.0491,30.2004,125,102428,true
ECC-PRE,P-256-demo,102400,47,9.1172,0.6214,10.3961,0.0818,4.7538,4.8081,0.0493,29.8281,125,102428,true
ECC-PRE,P-256-demo,102400,48,9.4237,0.6712,16.3928,0.1395,7.1721,6.5440,0.0426,40.3868,125,102428,true
ECC-PRE,P-256-demo,102400,49,9.9048,0.6921,10.6852,0.0925,4.9370,4.9244,0.0503,31.2874,125,102428,true
ECC-PRE,P-256-demo,102400,50,9.6744,0.6515,10.3552,0.0805,4.8360,5.0191,0.0492,30.6665,125,102428,true
ECC-PRE,P-256-demo,102400,51,9.6358,0.5753,10.0731,0.0836,4.9038,4.6674,0.0387,29.9783,125,102428,true
ECC-PRE,P-256-demo,102400,52,9.4044,0.7818,11.1540,0.0963,5.7215,5.4720,0.0883,32.7190,125,102428,true
ECC-PRE,P-256-demo,102400,53,12.3821,0.7468,12.7296,0.0947,5.3284,5.8039,0.0546,37.1411,125,102428,true
ECC-PRE,P-256-demo,102400,54,10.5678,0.8417,11.3674,0.0890,5.0808,5.4465,0.0526,33.4466,125,102428,true
ECC-PRE,P-256-demo,102400,55,10.0896,0.6642,12.0870,0.0882,5.3827,5.7448,0.0480,34.1051,125,102428,true
ECC-PRE,P-256-demo,102400,56,9.7358,0.6769,11.3443,0.0842,4.9578,5.4257,0.0496,32.2747,125,102428,true
ECC-PRE,P-256-demo,102400,57,9.5438,0.6627,11.2116,0.0873,5.0880,5.8776,0.0862,32.5583,125,102428,true
ECC-PRE,P-256-demo,102400,58,9.6461,0.7209,11.3070,0.0863,4.6691,4.8608,0.1969,31.4882,125,102428,true
ECC-PRE,P-256-demo,102400,59,9.6058,0.6818,10.3981,0.1104,4.6961,4.5501,0.0469,30.0900,125,102428,true
ECC-PRE,P-256-demo,102400,60,9.7313,0.6455,10.8513,0.0919,4.6338,4.7129,0.0524,30.7202,125,102428,true
ECC-PRE,P-256-demo,102400,61,10.5699,0.7280,10.3197,0.0862,4.8346,4.7776,0.0414,31.3582,125,102428,true
ECC-PRE,P-256-demo,102400,62,10.5506,0.6287,9.9077,0.0788,5.4360,4.8450,0.0504,31.4979,125,102428,true
ECC-PRE,P-256-demo,102400,63,9.9943,0.6431,9.8895,0.0759,5.0669,4.9684,0.0460,30.6848,125,102428,true
ECC-PRE,P-256-demo,102400,64,9.2047,0.7021,10.5941,0.0897,4.6030,5.3736,0.0471,30.6148,125,102428,true
ECC-PRE,P-256-demo,102400,65,9.2410,0.6868,10.3789,0.1045,4.4903,5.0312,0.1090,30.0427,125,102428,true
ECC-PRE,P-256-demo,102400,66,9.2528,0.6685,11.2586,0.0961,4.4551,4.6365,0.0379,30.4064,125,102428,true
ECC-PRE,P-256-demo,102400,67,10.1062,0.6578,10.0561,0.1020,4.5820,4.6704,0.0368,30.2119,125,102428,true
ECC-PRE,P-256-demo,102400,68,9.5015,0.5961,9.8280,0.0750,4.9091,4.5851,0.0864,29.5818,125,102428,true
ECC-PRE,P-256-demo,102400,69,9.1960,0.6165,9.7559,0.1007,4.8169,5.5968,0.0484,30.1318,125,102428,true
ECC-PRE,P-256-demo,102400,70,9.6610,0.6274,10.1163,0.2503,4.7487,5.2290,0.0475,30.6810,125,102428,true
ECC-PRE,P-256-demo,102400,71,9.3598,0.6030,10.2051,0.0985,4.6151,4.4855,0.0469,29.4146,125,102428,true
ECC-PRE,P-256-demo,102400,72,10.4377,0.6980,10.3128,0.1135,4.6377,4.4912,0.0472,30.7386,125,102428,true
ECC-PRE,P-256-demo,102400,73,9.6594,0.7930,9.8685,0.1438,5.0306,4.7632,0.0450,30.3043,125,102428,true
ECC-PRE,P-256-demo,102400,74,10.0967,0.6710,10.0212,0.0783,5.4663,4.6391,0.0454,31.0186,125,102428,true
ECC-PRE,P-256-demo,102400,75,9.8652,0.6393,9.7816,0.0800,4.9505,4.6712,0.0475,30.0363,125,102428,true
ECC-PRE,P-256-demo,102400,76,9.5805,0.5543,10.3182,0.0780,4.8590,4.9705,0.0406,30.4018,125,102428,true
ECC-PRE,P-256-demo,102400,77,9.5015,0.6491,10.8421,0.0827,4.7800,5.1663,0.0940,31.1166,125,102428,true
ECC-PRE,P-256-demo,102400,78,9.3573,0.6382,10.1881,0.1076,5.3626,4.8513,0.0470,30.5528,125,102428,true
ECC-PRE,P-256-demo,102400,79,9.9511,0.7279,11.0579,0.0787,4.4035,4.8188,0.0351,31.0735,125,102428,true
ECC-PRE,P-256-demo,102400,80,9.2305,0.5962,10.2198,0.2831,5.3169,4.7310,0.0503,30.4283,125,102428,true
ECC-PRE,P-256-demo,102400,81,9.7770,0.6737,10.1984,0.1155,5.1834,5.0043,0.0507,31.0041,125,102428,true
ECC-PRE,P-256-demo,102400,82,9.5784,0.7250,10.0236,0.1032,5.3703,4.8450,0.0488,30.6952,125,102428,true
ECC-PRE,P-256-demo,102400,83,9.2783,0.7580,10.0838,0.0892,5.1103,5.5136,0.0484,30.8822,125,102428,true
ECC-PRE,P-256-demo,102400,84,9.6372,0.6338,10.5093,0.0968,5.0360,5.1260,0.1739,31.2139,125,102428,true
ECC-PRE,P-256-demo,102400,85,9.4399,0.6453,10.0132,0.0950,5.1997,4.6974,0.0442,30.1353,125,102428,true
ECC-PRE,P-256-demo,102400,86,9.7527,0.6040,10.2068,0.0781,5.0039,5.4701,0.0398,31.1559,125,102428,true
ECC-PRE,P-256-demo,102400,87,9.8588,0.6621,10.4204,0.1204,5.2826,4.8806,0.0485,31.2742,125,102428,true
ECC-PRE,P-256-demo,102400,88,9.6113,0.6584,9.8362,0.1183,5.2677,4.4793,0.0475,30.0194,125,102428,true
ECC-PRE,P-256-demo,102400,89,9.6108,0.7075,9.9748,0.0900,5.0054,4.6025,0.0494,30.0410,125,102428,true
ECC-PRE,P-256-demo,102400,90,9.6029,0.7474,10.7730,0.0841,4.8696,4.9452,0.0490,31.0721,125,102428,true
ECC-PRE,P-256-demo,102400,91,9.9048,0.6687,9.7634,0.0801,4.7600,4.8069,0.0365,30.0209,125,102428,true
ECC-PRE,P-256-demo,102400,92,9.2377,0.8253,9.8627,0.0762,4.4815,4.9136,0.0485,29.4461,125,102428,true
ECC-PRE,P-256-demo,102400,93,9.4954,0.6613,9.6245,0.0878,4.6345,4.6281,0.0390,29.1710,125,102428,true
ECC-PRE,P-256-demo,102400,94,9.4046,0.7632,10.3556,0.0860,4.4783,5.0441,0.0473,30.1797,125,102428,true
ECC-PRE,P-256-demo,102400,95,9.1394,0.7871,10.1883,0.0863,4.6034,5.2627,0.0490,30.1163,125,102428,true
ECC-PRE,P-256-demo,102400,96,9.0786,0.7606,10.7762,0.0914,4.7428,4.9713,0.0471,30.4684,125,102428,true
ECC-PRE,P-256-demo,102400,97,9.1063,0.6201,11.3303,0.1052,4.5722,4.6595,0.0366,30.4308,125,102428,true
ECC-PRE,P-256-demo,102400,98,9.4323,0.6000,10.3663,0.1121,4.6859,5.1311,0.0454,30.3735,125,102428,true
ECC-PRE,P-256-demo,102400,99,9.5658,0.5972,11.0512,0.0990,4.8800,4.9891,0.0489,31.2319,125,102428,true
ECC-PRE,P-256-demo,102400,100,9.9936,0.5975,10.1191,0.1073,5.0028,4.8667,0.0493,30.7370,125,102428,true
ECC-PRE,P-256-demo,1048576,1,9.0097,0.8539,9.7949,0.0959,4.8346,4.8727,0.3649,29.8271,125,1048604,true
ECC-PRE,P-256-demo,1048576,2,9.0978,0.9266,10.1924,0.1009,4.6282,4.4484,0.3552,29.7499,125,1048604,true
ECC-PRE,P-256-demo,1048576,3,9.5195,0.9997,9.9150,0.0977,4.4090,4.5184,0.3113,29.7716,125,1048604,true
ECC-PRE,P-256-demo,1048576,4,12.7524,1.1653,12.7084,0.0973,4.6072,5.2674,0.3361,36.9349,125,1048604,true
ECC-PRE,P-256-demo,1048576,5,9.1276,1.4881,10.1181,0.1054,4.8420,4.8670,0.3315,30.8806,125,1048604,true
ECC-PRE,P-256-demo,1048576,6,9.6572,0.9504,9.8122,0.1055,5.0303,4.8148,0.3301,30.7013,125,1048604,true
ECC-PRE,P-256-demo,1048576,7,9.3585,1.0102,9.7919,0.1128,4.7436,5.0206,0.3699,30.4082,125,1048604,true
ECC-PRE,P-256-demo,1048576,8,9.4646,0.9108,10.2549,0.0769,4.7262,4.6980,0.3371,30.4691,125,1048604,true
ECC-PRE,P-256-demo,1048576,9,9.3192,1.1205,10.1565,0.0761,4.5408,4.5272,0.3089,30.0494,125,1048604,true
ECC-PRE,P-256-demo,1048576,10,9.2175,0.8929,10.1936,0.1125,4.8388,4.5394,0.3692,30.1644,125,1048604,true
ECC-PRE,P-256-demo,1048576,11,10.0317,0.9322,10.4531,0.0981,4.6681,4.7925,0.3222,31.2985,125,1048604,true
ECC-PRE,P-256-demo,1048576,12,9.7650,1.0375,10.7432,0.0756,4.7007,5.1981,0.3582,31.8790,125,1048604,true
ECC-PRE,P-256-demo,1048576,13,9.0966,0.9116,10.3238,0.1007,4.6120,4.7000,0.3666,30.1121,125,1048604,true
ECC-PRE,P-256-demo,1048576,14,9.8042,0.9447,10.2622,0.0993,4.7435,4.6808,0.3232,30.8582,125,1048604,true
ECC-PRE,P-256-demo,1048576,15,9.4122,1.2550,9.6426,0.0915,4.8640,4.8339,0.3371,30.4373,125,1048604,true
ECC-PRE,P-256-demo,1048576,16,9.8317,0.9969,9.8415,0.1112,5.7662,5.0791,0.5425,32.1699,125,1048604,true
ECC-PRE,P-256-demo,1048576,17,10.2015,1.0184,10.2206,0.0957,4.5035,4.9019,0.3351,31.2775,125,1048604,true
ECC-PRE,P-256-demo,1048576,18,9.8339,0.8992,9.9274,0.1521,5.2456,4.6088,0.3316,30.9995,125,1048604,true
ECC-PRE,P-256-demo,1048576,19,9.7636,1.0775,10.5905,0.1082,4.6637,4.5220,0.4062,31.1329,125,1048604,true
ECC-PRE,P-256-demo,1048576,20,9.5247,0.9217,10.0547,0.1069,4.7130,4.8853,0.3244,30.5317,125,1048604,true
ECC-PRE,P-256-demo,1048576,21,9.5176,0.9698,10.1460,0.1035,4.8154,5.3716,0.3492,31.2740,125,1048604,true
ECC-PRE,P-256-demo,1048576,22,9.5861,0.9649,10.4718,0.1062,4.6977,5.0015,0.3525,31.1818,125,1048604,true
ECC-PRE,P-256-demo,1048576,23,10.5412,1.2474,19.0512,0.1718,7.2089,5.8738,0.3514,44.4467,125,1048604,true
ECC-PRE,P-256-demo,1048576,24,10.6604,1.3071,11.2786,0.0855,4.6155,4.7499,0.3475,33.0456,125,1048604,true
ECC-PRE,P-256-demo,1048576,25,9.7946,0.9732,10.2900,0.0810,4.8349,4.8580,0.3371,31.1699,125,1048604,true
ECC-PRE,P-256-demo,1048576,26,9.4165,1.1921,9.7760,0.0735,4.6005,4.6142,0.3224,29.9957,125,1048604,true
ECC-PRE,P-256-demo,1048576,27,9.8745,1.1262,9.9678,0.0712,4.6886,4.7386,0.3213,30.7888,125,1048604,true
ECC-PRE,P-256-demo,1048576,28,9.8352,1.0892,10.0929,0.0803,4.8113,4.7282,0.3379,30.9759,125,1048604,true
ECC-PRE,P-256-demo,1048576,29,11.1433,1.2709,11.0054,0.1912,5.6098,5.6820,0.3490,35.2526,125,1048604,true
ECC-PRE,P-256-demo,1048576,30,9.8240,1.1271,10.1653,0.1516,5.0393,4.9087,0.3258,31.5424,125,1048604,true
ECC-PRE,P-256-demo,1048576,31,9.7345,0.8926,9.4423,0.0715,5.0052,5.7265,0.3745,31.2480,125,1048604,true
ECC-PRE,P-256-demo,1048576,32,9.4104,0.9871,9.8181,0.0787,4.9461,4.7991,0.3553,30.3958,125,1048604,true
ECC-PRE,P-256-demo,1048576,33,9.9146,1.0544,9.9577,0.3567,5.2709,4.6685,0.3323,31.5557,125,1048604,true
ECC-PRE,P-256-demo,1048576,34,9.6713,0.9403,9.4821,0.1110,4.6801,4.6848,0.3462,29.9164,125,1048604,true
ECC-PRE,P-256-demo,1048576,35,10.4790,0.9362,9.8909,0.1073,4.9355,4.7417,0.3697,31.4610,125,1048604,true
ECC-PRE,P-256-demo,1048576,36,9.7688,0.9453,9.9732,0.0882,5.4037,4.9551,0.3227,31.4580,125,1048604,true
ECC-PRE,P-256-demo,1048576,37,9.7689,0.9241,9.7356,0.1070,5.0336,4.9461,0.3823,30.8981,125,1048604,true
ECC-PRE,P-256-demo,1048576,38,9.9556,1.2053,9.9479,0.0829,5.1329,4.6610,0.3389,31.3248,125,1048604,true
ECC-PRE,P-256-demo,1048576,39,9.5092,1.0199,9.5570,0.0971,4.8559,4.5511,0.3706,29.9615,125,1048604,true
ECC-PRE,P-256-demo,1048576,40,9.2457,1.1620,9.9835,0.0805,4.6355,4.8380,0.3205,30.2666,125,1048604,true
ECC-PRE,P-256-demo,1048576,41,9.2848,1.0093,10.1410,0.1060,4.6826,4.9511,0.3323,30.5075,125,1048604,true
ECC-PRE,P-256-demo,1048576,42,9.0714,0.8639,10.4057,0.1174,4.7144,4.9763,0.3181,30.4677,125,1048604,true
ECC-PRE,P-256-demo,1048576,43,9.2994,0.8577,9.9702,0.0828,4.8567,4.9273,0.3644,30.3590,125,1048604,true
ECC-PRE,P-256-demo,1048576,44,9.1999,0.9184,11.2683,0.0782,4.6085,4.7572,0.3306,31.1621,125,1048604,true
ECC-PRE,P-256-demo,1048576,45,8.9653,1.0657,9.8704,0.0729,4.7167,4.6268,0.3208,29.6395,125,1048604,true
ECC-PRE,P-256-demo,1048576,46,9.2033,0.8829,10.7715,0.1101,4.5942,4.4990,0.3281,30.3901,125,1048604,true
ECC-PRE,P-256-demo,1048576,47,9.0787,1.2086,11.2626,0.1057,4.7281,4.6750,0.3494,31.4088,125,1048604,true
ECC-PRE,P-256-demo,1048576,48,9.2336,0.9255,10.5294,0.1039,4.9615,4.7776,0.3350,30.8667,125,1048604,true
ECC-PRE,P-256-demo,1048576,49,9.0375,1.0104,9.9219,0.0723,4.8425,4.5365,0.3473,29.7691,125,1048604,true
ECC-PRE,P-256-demo,1048576,50,9.5659,0.8296,10.1980,0.1045,4.6166,4.5989,0.3608,30.2750,125,1048604,true
ECC-PRE,P-256-demo,1048576,51,11.5926,1.2406,10.0532,0.1014,4.5363,4.8085,0.3403,32.6736,125,1048604,true
ECC-PRE,P-256-demo,1048576,52,9.9730,0.9071,10.4300,0.0847,4.7378,4.6345,0.3320,31.1001,125,1048604,true
ECC-PRE,P-256-demo,1048576,53,9.4131,0.8609,10.5184,0.0830,4.9145,4.5914,0.3257,30.7076,125,1048604,true
ECC-PRE,P-256-demo,1048576,54,9.7631,0.9987,10.9689,0.0836,4.5678,5.0062,0.3432,31.7328,125,1048604,true
ECC-PRE,P-256-demo,1048576,55,10.9815,1.0294,12.7010,0.0935,5.5135,5.9590,0.3648,36.6435,125,1048604,true
ECC-PRE,P-256-demo,1048576,56,10.8343,0.9493,12.5390,0.1402,5.8611,5.3439,0.4646,36.1334,125,1048604,true
ECC-PRE,P-256-demo,1048576,57,11.4653,1.1889,11.1421,0.2875,6.0925,4.9471,0.3431,35.4676,125,1048604,true
ECC-PRE,P-256-demo,1048576,58,11.3780,1.0542,12.0867,0.0836,4.8946,4.5531,0.3319,34.3830,125,1048604,true
ECC-PRE,P-256-demo,1048576,59,9.8810,1.0092,10.7819,0.1023,4.9434,4.6439,0.3158,31.6783,125,1048604,true
ECC-PRE,P-256-demo,1048576,60,9.3050,0.8755,10.8244,0.0879,4.6391,4.8442,0.5225,31.0996,125,1048604,true
ECC-PRE,P-256-demo,1048576,61,10.2632,1.0909,10.7664,0.0873,4.6762,4.9671,0.3317,32.1838,125,1048604,true
ECC-PRE,P-256-demo,1048576,62,9.4316,1.0618,10.6995,0.0807,4.6626,4.6010,0.3111,30.8493,125,1048604,true
ECC-PRE,P-256-demo,1048576,63,10.1644,0.9006,10.4032,0.1022,4.7402,4.6761,0.3431,31.3306,125,1048604,true
ECC-PRE,P-256-demo,1048576,64,9.7311,1.0627,9.7473,0.0793,4.7223,4.5359,0.3315,30.2111,125,1048604,true
ECC-PRE,P-256-demo,1048576,65,10.0776,0.9543,10.4243,0.0833,4.6387,5.8102,0.3439,32.3333,125,1048604,true
ECC-PRE,P-256-demo,1048576,66,9.6359,0.9679,9.8847,0.0779,4.6154,4.5065,0.3124,30.0019,125,1048604,true
ECC-PRE,P-256-demo,1048576,67,10.2216,0.9313,10.1730,0.0784,4.6327,4.6926,0.3073,31.0377,125,1048604,true
ECC-PRE,P-256-demo,1048576,68,9.3213,0.8937,10.3073,0.2560,4.5422,4.8098,0.4379,30.5689,125,1048604,true
ECC-PRE,P-256-demo,1048576,69,9.8064,0.8843,10.2072,0.1028,4.4554,4.5179,0.3223,30.2974,125,1048604,true
ECC-PRE,P-256-demo,1048576,70,9.4206,0.9030,9.3586,0.0748,4.6689,4.6173,0.3438,29.3876,125,1048604,true
ECC-PRE,P-256-demo,1048576,71,9.9393,0.9144,9.9814,0.0770,4.8881,4.8329,0.3238,30.9579,125,1048604,true
ECC-PRE,P-256-demo,1048576,72,9.1411,1.2730,10.0147,0.0757,5.5526,4.4226,0.3264,30.8070,125,1048604,true
ECC-PRE,P-256-demo,1048576,73,10.1845,0.9792,10.4914,0.0825,5.7678,4.7027,0.3681,32.5836,125,1048604,true
ECC-PRE,P-256-demo,1048576,74,10.2573,1.6575,10.2129,0.0808,4.9000,4.7510,0.3336,32.1940,125,1048604,true
ECC-PRE,P-256-demo,1048576,75,9.9730,0.9196,10.0602,0.0780,4.8930,4.7586,0.3662,31.0492,125,1048604,true
ECC-PRE,P-256-demo,1048576,76,10.0144,0.9919,9.6425,0.0850,4.9849,4.5818,0.6781,30.9795,125,1048604,true
ECC-PRE,P-256-demo,1048576,77,9.7851,1.0251,10.6111,0.1129,5.5384,4.9540,0.3468,32.3745,125,1048604,true
ECC-PRE,P-256-demo,1048576,78,10.6913,1.0238,9.8316,0.0822,5.3498,4.8020,0.3319,32.1132,125,1048604,true
ECC-PRE,P-256-demo,1048576,79,10.1671,1.0279,10.1590,0.0790,4.9274,4.6017,0.3591,31.3217,125,1048604,true
ECC-PRE,P-256-demo,1048576,80,10.2505,0.9576,10.0999,0.0819,5.2260,4.6116,0.3535,31.5820,125,1048604,true
ECC-PRE,P-256-demo,1048576,81,10.6189,1.0437,9.9745,0.1248,5.1401,4.7950,0.3456,32.0435,125,1048604,true
ECC-PRE,P-256-demo,1048576,82,9.9490,0.9686,10.0932,0.0995,5.0438,4.7731,0.3428,31.2707,125,1048604,true
ECC-PRE,P-256-demo,1048576,83,9.6786,0.9411,10.2875,0.0735,4.9802,4.8816,0.3517,31.1950,125,1048604,true
ECC-PRE,P-256-demo,1048576,84,10.3520,0.9666,9.8774,0.0777,4.9061,5.0459,0.3192,31.5459,125,1048604,true
ECC-PRE,P-256-demo,1048576,85,10.0173,1.1268,9.6654,0.1075,4.9113,4.5030,0.3210,30.6532,125,1048604,true
ECC-PRE,P-256-demo,1048576,86,9.5850,0.9566,9.9087,0.0804,4.5176,4.8358,0.3190,30.2040,125,1048604,true
ECC-PRE,P-256-demo,1048576,87,9.5620,0.8965,9.6827,0.1066,4.9658,4.4246,0.3266,29.9652,125,1048604,true
ECC-PRE,P-256-demo,1048576,88,9.6986,0.8910,9.6082,0.0844,4.5402,4.7326,0.3331,29.8886,125,1048604,true
ECC-PRE,P-256-demo,1048576,89,9.7678,1.0217,10.5609,0.0795,4.4365,4.7988,0.3094,30.9754,125,1048604,true
ECC-PRE,P-256-demo,1048576,90,9.2578,0.8746,11.0022,0.0893,4.8377,4.9553,0.3419,31.3594,125,1048604,true
ECC-PRE,P-256-demo,1048576,91,9.2777,0.9493,10.0138,0.1253,4.8419,4.7526,0.7139,30.6751,125,1048604,true
ECC-PRE,P-256-demo,1048576,92,9.5951,0.9605,10.1091,0.1036,4.5699,4.9739,0.3294,30.6418,125,1048604,true
ECC-PRE,P-256-demo,1048576,93,9.1764,1.0869,11.4537,0.1140,4.8246,4.8493,0.3201,31.8258,125,1048604,true
ECC-PRE,P-256-demo,1048576,94,9.4035,0.9103,10.2559,0.1365,4.7994,4.6923,0.3129,30.5115,125,1048604,true
ECC-PRE,P-256-demo,1048576,95,10.1467,0.9170,10.5154,0.2922,4.9043,5.0598,0.3257,32.1618,125,1048604,true
ECC-PRE,P-256-demo,1048576,96,9.5099,1.0353,10.8306,0.1219,4.9516,5.1772,0.3790,32.0065,125,1048604,true
ECC-PRE,P-256-demo,1048576,97,9.7085,0.9484,10.3940,0.1050,4.6426,4.8382,0.3524,30.9894,125,1048604,true
ECC-PRE,P-256-demo,1048576,98,9.2155,0.9346,10.3133,0.1044,4.8024,5.3496,0.3249,31.0452,125,1048604,true
ECC-PRE,P-256-demo,1048576,99,8.9898,1.0905,10.2126,0.1039,5.8468,4.5895,0.3436,31.1774,125,1048604,true
ECC-PRE,P-256-demo,1048576,100,9.2874,1.1188,9.9174,0.1152,4.9359,4.8523,0.3211,30.5489,125,1048604,true
ECC-PRE,P-256-demo,10485760,1,9.2259,3.8775,10.4858,0.1032,4.7803,4.6162,3.3040,36.3939,125,10485788,true
ECC-PRE,P-256-demo,10485760,2,8.8234,3.8743,9.9715,0.1405,4.9825,4.6230,3.1667,35.5831,125,10485788,true
ECC-PRE,P-256-demo,10485760,3,9.6816,3.8767,10.3237,0.0758,4.4246,4.6994,3.1560,36.2387,125,10485788,true
ECC-PRE,P-256-demo,10485760,4,9.1279,3.8823,9.7549,0.1127,4.6839,5.1832,3.0821,35.8285,125,10485788,true
ECC-PRE,P-256-demo,10485760,5,9.7410,4.8361,10.5529,0.1307,5.1033,4.7270,3.7673,38.8595,125,10485788,true
ECC-PRE,P-256-demo,10485760,6,10.0712,3.9451,10.9008,0.2480,4.7116,5.0269,3.5870,38.4917,125,10485788,true
ECC-PRE,P-256-demo,10485760,7,9.8433,4.6459,10.7386,0.0788,5.0696,4.6373,3.3179,38.3325,125,10485788,true
ECC-PRE,P-256-demo,10485760,8,10.1604,3.7839,11.8568,0.1336,4.8458,4.8410,3.3226,38.9453,125,10485788,true
ECC-PRE,P-256-demo,10485760,9,9.7030,4.0416,10.5722,0.0900,4.6939,4.6490,3.2807,37.0313,125,10485788,true
ECC-PRE,P-256-demo,10485760,10,9.6344,4.0473,10.1757,0.0969,4.8152,4.5740,3.0638,36.4083,125,10485788,true
ECC-PRE,P-256-demo,10485760,11,10.4325,4.1149,11.3369,0.0893,4.7943,4.7057,3.2366,38.7118,125,10485788,true
ECC-PRE,P-256-demo,10485760,12,11.4194,4.4206,10.9271,0.1614,5.3130,4.9966,3.4094,40.6489,125,10485788,true
ECC-PRE,P-256-demo,10485760,13,9.7275,4.9164,10.7497,0.1100,4.6331,4.9150,3.2782,38.3307,125,10485788,true
ECC-PRE,P-256-demo,10485760,14,9.4239,4.5801,9.8096,0.0663,5.1147,4.5472,3.0849,36.6277,125,10485788,true
ECC-PRE,P-256-demo,10485760,15,9.5078,3.9640,11.2476,0.0955,4.5999,4.6354,3.7412,37.7923,125,10485788,true
ECC-PRE,P-256-demo,10485760,16,9.1857,4.2198,10.5226,0.0962,4.9673,4.9662,3.1329,37.0915,125,10485788,true
ECC-PRE,P-256-demo,10485760,17,9.2815,3.8051,10.2164,0.0962,4.9072,4.7670,3.1070,36.1813,125,10485788,true
ECC-PRE,P-256-demo,10485760,18,9.7288,3.8610,10.5758,0.0695,4.7636,4.6715,3.0965,36.7677,125,10485788,true
ECC-PRE,P-256-demo,10485760,19,9.2457,3.9922,10.3073,0.0683,4.6445,5.2999,3.1187,36.6774,125,10485788,true
ECC-PRE,P-256-demo,10485760,20,9.0784,4.0691,10.3983,0.1152,4.8162,4.5258,3.1970,36.2010,125,10485788,true
ECC-PRE,P-256-demo,10485760,21,9.2079,4.7590,11.1140,0.1074,4.5720,4.5453,3.0837,37.3903,125,10485788,true
ECC-PRE,P-256-demo,10485760,22,9.3020,3.7209,10.3572,0.0877,4.6247,4.7479,3.4838,36.3254,125,10485788,true
ECC-PRE,P-256-demo,10485760,23,9.0566,3.9377,9.5017,0.2337,6.1769,5.1015,3.2701,37.2793,125,10485788,true
ECC-PRE,P-256-demo,10485760,24,10.3044,3.7488,10.4955,0.0710,4.6632,4.6338,3.3806,37.2984,125,10485788,true
ECC-PRE,P-256-demo,10485760,25,10.7783,4.8276,11.2071,0.1052,5.6999,5.2886,3.3817,41.2897,125,10485788,true
ECC-PRE,P-256-demo,10485760,26,10.5470,3.9599,11.2213,0.0733,5.0528,6.2856,3.2239,40.3647,125,10485788,true
ECC-PRE,P-256-demo,10485760,27,10.0849,3.9197,10.7753,0.0905,4.7748,4.6719,3.1435,37.4619,125,10485788,true
ECC-PRE,P-256-demo,10485760,28,9.8498,3.6881,11.0414,0.0682,4.4628,5.1456,3.0426,37.2997,125,10485788,true
ECC-PRE,P-256-demo,10485760,29,9.0247,4.5127,9.9745,0.1300,4.6035,4.6011,3.1485,35.9959,125,10485788,true
ECC-PRE,P-256-demo,10485760,30,9.4591,3.6741,10.0640,0.0972,5.9752,4.9259,3.2269,37.4236,125,10485788,true
ECC-PRE,P-256-demo,10485760,31,9.8368,3.6705,10.6157,0.0892,4.5929,4.5480,4.1848,37.5392,125,10485788,true
ECC-PRE,P-256-demo,10485760,32,8.9764,4.7162,9.8727,0.0640,5.3312,4.8290,3.0273,36.8182,125,10485788,true
ECC-PRE,P-256-demo,10485760,33,9.8773,3.6519,10.2277,0.0656,4.7136,4.7062,3.0256,36.2689,125,10485788,true
ECC-PRE,P-256-demo,10485760,34,9.5532,3.6808,10.3377,0.0660,4.3327,4.5955,3.6663,36.2333,125,10485788,true
ECC-PRE,P-256-demo,10485760,35,8.9534,3.6167,10.6731,0.0812,4.4915,4.7906,3.1340,35.7414,125,10485788,true
ECC-PRE,P-256-demo,10485760,36,9.7028,3.9477,9.4347,0.1058,5.0198,4.6804,3.1550,36.0476,125,10485788,true
ECC-PRE,P-256-demo,10485760,37,9.9851,4.6599,10.0667,0.1120,4.8133,4.9412,3.9375,38.5169,125,10485788,true
ECC-PRE,P-256-demo,10485760,38,9.3205,3.7706,10.3851,0.0699,4.8295,4.6993,3.2028,36.2787,125,10485788,true
ECC-PRE,P-256-demo,10485760,39,10.3802,3.8732,9.8140,0.0758,5.3014,4.6721,3.2257,37.3431,125,10485788,true
ECC-PRE,P-256-demo,10485760,40,9.8368,3.7149,10.9875,0.0985,4.6400,4.7337,3.4310,37.4432,125,10485788,true
ECC-PRE,P-256-demo,10485760,41,9.3454,3.9990,9.4512,0.0649,4.5434,4.5529,3.0900,35.0477,125,10485788,true
ECC-PRE,P-256-demo,10485760,42,9.2870,3.8491,9.9069,0.0896,4.8065,4.7459,3.0786,35.7648,125,10485788,true
ECC-PRE,P-256-demo,10485760,43,15.5570,4.3756,10.3626,0.0741,4.9547,4.8358,3.3108,43.4719,125,10485788,true
ECC-PRE,P-256-demo,10485760,44,9.6370,3.7411,10.5321,0.0713,4.7657,4.8072,3.3241,36.8798,125,10485788,true
ECC-PRE,P-256-demo,10485760,45,9.5744,4.7526,10.1471,0.1114,4.6543,5.0722,3.1379,37.4514,125,10485788,true
ECC-PRE,P-256-demo,10485760,46,9.4103,3.8270,10.6133,0.0992,4.8659,4.8303,3.1835,36.8306,125,10485788,true
ECC-PRE,P-256-demo,10485760,47,9.8168,3.9208,10.1976,0.0798,4.8304,5.0626,3.2767,37.1858,125,10485788,true
ECC-PRE,P-256-demo,10485760,48,9.1052,4.0730,10.0951,0.0821,5.2479,4.7263,3.2673,36.5982,125,10485788,true
ECC-PRE,P-256-demo,10485760,49,9.6206,4.0327,10.5700,0.0726,4.6654,4.6488,3.3433,36.9545,125,10485788,true
ECC-PRE,P-256-demo,10485760,50,9.2574,4.0706,10.6539,0.0716,4.9281,4.8763,3.1173,36.9760,125,10485788,true
ECC-PRE,P-256-demo,10485760,51,9.2150,3.7745,10.0598,0.1331,4.6262,5.0298,3.1325,35.9725,125,10485788,true
ECC-PRE,P-256-demo,10485760,52,9.5980,3.7931,10.2096,0.0812,4.7134,4.7688,3.1374,36.3030,125,10485788,true
ECC-PRE,P-256-demo,10485760,53,8.9946,5.0828,10.3330,0.1133,4.7631,4.6630,3.4168,37.3677,125,10485788,true
ECC-PRE,P-256-demo,10485760,54,10.7450,4.7489,10.9045,0.0763,5.5156,5.2684,3.3208,40.5805,125,10485788,true
ECC-PRE,P-256-demo,10485760,55,10.6270,4.2412,10.3993,0.0692,4.8321,5.2835,3.5781,39.0313,125,10485788,true
ECC-PRE,P-256-demo,10485760,56,9.7728,3.8800,10.0528,0.0850,4.9356,4.4414,3.2875,36.4561,125,10485788,true
ECC-PRE,P-256-demo,10485760,57,9.5802,3.6333,9.7615,0.0906,4.4694,5.2146,3.2710,36.0217,125,10485788,true
ECC-PRE,P-256-demo,10485760,58,9.2030,3.7504,10.1066,0.2072,4.6644,4.3958,3.2424,35.5710,125,10485788,true
ECC-PRE,P-256-demo,10485760,59,9.0809,3.6313,10.1715,0.1023,4.2031,4.7908,3.2493,35.2303,125,10485788,true
ECC-PRE,P-256-demo,10485760,60,9.2377,4.2497,9.4788,0.0927,4.8082,4.6480,3.0479,35.5642,125,10485788,true
ECC-PRE,P-256-demo,10485760,61,9.1574,4.7384,10.1100,0.1209,4.4645,4.5221,3.1199,36.2342,125,10485788,true
ECC-PRE,P-256-demo,10485760,62,9.1247,3.7108,9.8410,0.0682,4.8507,4.5371,2.9692,35.1024,125,10485788,true
ECC-PRE,P-256-demo,10485760,63,9.5553,3.7147,10.3038,0.0852,4.5030,4.8912,3.1462,36.2008,125,10485788,true
ECC-PRE,P-256-demo,10485760,64,8.7022,4.1396,9.4771,0.0782,4.7686,4.5141,3.0117,34.6925,125,10485788,true
ECC-PRE,P-256-demo,10485760,65,9.1160,3.7304,9.7858,0.0893,4.6731,4.6547,3.1614,35.2113,125,10485788,true
ECC-PRE,P-256-demo,10485760,66,9.1753,3.9002,9.9507,0.0911,4.5070,4.7243,3.0296,35.3791,125,10485788,true
ECC-PRE,P-256-demo,10485760,67,9.6182,3.9568,9.7973,0.0915,4.5508,4.4014,3.1948,35.6121,125,10485788,true
ECC-PRE,P-256-demo,10485760,68,10.2141,4.1997,10.1631,0.0672,4.8337,4.8605,3.2182,37.5580,125,10485788,true
ECC-PRE,P-256-demo,10485760,69,9.5058,4.6081,10.3108,0.1236,4.6617,5.2817,3.3659,37.8585,125,10485788,true
ECC-PRE,P-256-demo,10485760,70,9.2739,3.6642,10.1018,0.1074,4.6375,4.3708,3.2671,35.4239,125,10485788,true
ECC-PRE,P-256-demo,10485760,71,8.8225,4.3391,10.0019,0.0915,4.6203,4.9390,3.3369,36.1523,125,10485788,true
ECC-PRE,P-256-demo,10485760,72,9.7616,3.8899,9.7707,0.1105,4.8032,4.6581,3.0491,36.0439,125,10485788,true
ECC-PRE,P-256-demo,10485760,73,9.7874,3.8761,9.9813,0.0934,5.1176,4.5850,3.3174,36.7591,125,10485788,true
ECC-PRE,P-256-demo,10485760,74,9.1457,4.0442,9.8464,0.0812,4.5593,4.4186,3.0451,35.1414,125,10485788,true
ECC-PRE,P-256-demo,10485760,75,9.2853,4.1145,10.0378,0.0909,4.5905,4.7622,3.3205,36.2026,125,10485788,true
ECC-PRE,P-256-demo,10485760,76,9.8628,4.0101,9.6268,0.0688,4.4921,4.5816,3.0896,35.7327,125,10485788,true
ECC-PRE,P-256-demo,10485760,77,9.2382,4.7817,9.7529,0.1081,4.7744,4.7539,3.3049,36.7149,125,10485788,true
ECC-PRE,P-256-demo,10485760,78,9.4285,4.0239,10.4088,0.0810,4.4809,4.9774,3.4355,36.8369,125,10485788,true
ECC-PRE,P-256-demo,10485760,79,9.3930,4.3858,9.7914,0.0756,5.0578,4.4399,3.1167,36.2612,125,10485788,true
ECC-PRE,P-256-demo,10485760,80,9.3401,3.6222,10.1592,0.0977,4.8255,4.8763,3.1735,36.0959,125,10485788,true
ECC-PRE,P-256-demo,10485760,81,9.4457,3.7229,10.5279,0.1186,4.5928,4.9834,3.3916,36.7838,125,10485788,true
ECC-PRE,P-256-demo,10485760,82,9.1363,3.9142,9.6710,0.0676,4.8583,4.7371,3.0696,35.4553,125,10485788,true
ECC-PRE,P-256-demo,10485760,83,9.5323,3.9239,9.7043,0.0635,4.7439,4.6625,3.2737,35.9047,125,10485788,true
ECC-PRE,P-256-demo,10485760,84,9.4761,3.9033,10.2852,0.0859,4.6454,4.6757,3.2437,36.3164,125,10485788,true
ECC-PRE,P-256-demo,10485760,85,9.6551,5.0255,10.3498,0.1108,4.9800,4.7148,3.4038,38.2409,125,10485788,true
ECC-PRE,P-256-demo,10485760,86,9.3043,3.8146,10.1957,0.0620,4.8169,4.4700,3.0242,35.6885,125,10485788,true
ECC-PRE,P-256-demo,10485760,87,9.6056,3.9439,10.4141,0.0920,4.6893,4.5865,3.4433,36.7759,125,10485788,true
ECC-PRE,P-256-demo,10485760,88,9.2024,4.7384,9.8220,0.0940,5.0052,4.9849,3.2567,37.1042,125,10485788,true
ECC-PRE,P-256-demo,10485760,89,9.8056,3.7038,9.6676,0.0693,4.8679,4.9138,3.0701,36.0991,125,10485788,true
ECC-PRE,P-256-demo,10485760,90,9.3528,3.9889,10.1838,0.0641,4.7205,4.5514,3.2634,36.1256,125,10485788,true
ECC-PRE,P-256-demo,10485760,91,9.1007,4.1762,10.0256,0.0649,4.5544,4.9898,3.1823,36.0949,125,10485788,true
ECC-PRE,P-256-demo,10485760,92,9.6667,3.6125,10.6138,0.0951,5.3479,4.6936,3.2640,37.2946,125,10485788,true
ECC-PRE,P-256-demo,10485760,93,9.6283,4.6464,10.3687,0.1069,4.8501,4.7486,3.1025,37.4526,125,10485788,true
ECC-PRE,P-256-demo,10485760,94,9.6311,4.0086,10.2000,0.0704,4.4676,4.9958,3.2579,36.6320,125,10485788,true
ECC-PRE,P-256-demo,10485760,95,9.5571,3.7074,9.6551,0.1237,5.0558,4.7429,3.1039,35.9471,125,10485788,true
ECC-PRE,P-256-demo,10485760,96,9.3825,3.6527,10.1322,0.1013,4.5648,4.7870,3.4217,36.0432,125,10485788,true
ECC-PRE,P-256-demo,10485760,97,9.4101,3.9436,11.8381,0.0800,6.3113,5.8867,5.4520,42.9232,125,10485788,true
ECC-PRE,P-256-demo,10485760,98,11.4332,4.4863,12.2341,0.0808,5.3840,5.3071,3.5471,42.4741,125,10485788,true
ECC-PRE,P-256-demo,10485760,99,9.9549,4.4261,10.0998,0.1173,5.8856,4.9139,3.2985,38.6970,125,10485788,true
ECC-PRE,P-256-demo,10485760,100,10.9492,3.9220,10.4496,0.0688,4.5188,4.6722,3.2157,37.7978,125,10485788,true
